Keyword;Avg. monthly searches;Competition;;;;
duolingo test center;210;Baixo;;;;
test center duolingo;20;Baixo;;;;
test duolingo;320;Baixo;;;;
duolingo free test;10;Baixo;;;;
duolingo test english;2900;Baixo;;;;
duolingo online test;20;Baixo;;;;
duolingo toefl;30;Baixo;;;;
duolingo toefl test;10;Baixo;;;;
duolingo test center app;20;Baixo;;;;
toefl duolingo;20;Baixo;;;;
certificate duolingo;10;Baixo;;;;
duolingo english test simulator;140;Baixo;;;;
duolingo english level;10;Baixo;;;;
duolingo eng;2400;Baixo;;;;
teste ingles duolingo;20;Baixo;;;;
duolingo english online;10;Médio;;;;
duolingo online ingles;10;Médio;;;;
ingles online duolingo;30;Médio;;;;
duolingo online;1900;Baixo;;;;
duolingo inglês;880;Baixo;;;;
duolingo go;10;Baixo;;;;
duolingo register;10;Baixo;;;;
duolingo windows 7;10;Baixo;;;;
duolingo download;1300;Baixo;;;;
duolingo macbook;10;Baixo;;;;
duolingo app gratis;10;Baixo;;;;
duolingo play store;110;Baixo;;;;
app duolingo android;10;Baixo;;;;
jogo duolingo;140;Baixo;;;;
site do duolingo;140;Baixo;;;;
duolingo gratis online;10;Baixo;;;;
duolingo cadastro;20;Baixo;;;;
duolingo é gratis;170;Baixo;;;;
duolingo gratuito;110;Baixo;;;;
google play duolingo;50;Baixo;;;;
duolingo mac;50;Baixo;;;;
duolingo site oficial;40;Baixo;;;;
duolingo google play store;10;Baixo;;;;
duolingo v;10;Baixo;;;;
duolingo site;2400;Baixo;;;;
duolingo ingles gratuito;50;Médio;;;;
duolingo aprender inglés;90;Baixo;;;;
duolingo holenderski;;Desconhecido;;;;
duolingo windows phone;10;Baixo;;;;
ios duolingo;10;Baixo;;;;
duolingo online gratis;20;Baixo;;;;
duolingo jogo;70;Baixo;;;;
http duolingo;10;Baixo;;;;
login duolingo;3600;Baixo;;;;
duolingo ingles entrar;20;Baixo;;;;
duolingo download pc;260;Baixo;;;;
duolingo download windows;10;Baixo;;;;
o duolingo;20;Baixo;;;;
duolingo app online;0;Desconhecido;;;;
duolingo para desktop;20;Baixo;;;;
duolingo polska;0;Desconhecido;;;;
dualinge;10;Baixo;;;;
duolingo forum english;30;Baixo;;;;
google duolingo;170;Baixo;;;;
app duolingo ingles;10;Médio;;;;
duo lingua app;0;Desconhecido;;;;
duolingo em espanhol;30;Baixo;;;;
duolingo aplicativo;210;Baixo;;;;
entrar no duolingo;260;Baixo;;;;
curso ingles duolingo;20;Médio;;;;
duolingo in;10;Baixo;;;;
aplicativo duolingo;720;Baixo;;;;
duolingo desktop download;20;Baixo;;;;
duolingo computador;50;Baixo;;;;
test duolingo gratis;0;Desconhecido;;;;
duolingo pt br;30;Baixo;;;;
duolingo é gratuito;170;Baixo;;;;
duolingo ingles online;50;Médio;;;;
curso de inglês duolingo;70;Médio;;;;
duolingo para computador;70;Baixo;;;;
aulas de ingles duolingo;40;Médio;;;;
idiomas gratis online;70;Médio;;;;
duolingo em ingles;40;Médio;;;;
duolingo aprenda ingles;210;Médio;;;;
duolingo francês gratis;10;Baixo;;;;
duolingo entrar;6600;Baixo;;;;
duolingo em portugues;90;Baixo;;;;
duolingo portugues ingles;70;Baixo;;;;
duolingo no pc;170;Baixo;;;;
duolingo e;10;Baixo;;;;
duolingo no computador;90;Baixo;;;;
tinycards by duolingo;10;Baixo;;;;
duolingo para notebook;50;Baixo;;;;
duolingo portugues portugal;10;Baixo;;;;
duolingo pt;50;Baixo;;;;
duolingo italiano app;30;Baixo;;;;
duolingo android;90;Baixo;;;;
duo línguas;30;Baixo;;;;
duolingo p;10;Baixo;;;;
jogo do duolingo;20;Baixo;;;;
duolingo e gratis;10;Baixo;;;;
duolingo espanhol entrar;10;Baixo;;;;
duolingo linguas;70;Baixo;;;;
baixar aplicativo duolingo;110;Baixo;;;;
duolingo baixar pc;110;Baixo;;;;
duolingo baixar aplicativo;30;Baixo;;;;
duolingo é de graça;50;Baixo;;;;
alemao duolingo;40;Baixo;;;;
duolingo portugues brasil;10;Baixo;;;;
curso de ingles online duolingo;50;Médio;;;;
o aplicativo duolingo é gratuito;40;Baixo;;;;
baixar o aplicativo duolingo;50;Baixo;;;;
duolingo baixar;1900;Médio;;;;
duolingo inglês português;10;Baixo;;;;
espanhol duolingo;50;Baixo;;;;
duolingo gmail;0;Desconhecido;;;;
duolingo para baixar;30;Baixo;;;;
duelingua;8100;Baixo;;;;
duolingo clases de ingles;0;Desconhecido;;;;
duolingo espanhol gratis;20;Médio;;;;
aplicativo duolingo inglês;10;Médio;;;;
duolingo inglês e português;20;Médio;;;;
baixar app duolingo;50;Baixo;;;;
duolingo curso;170;Baixo;;;;
baixar o duolingo;70;Médio;;;;
duolingo português inglês;70;Baixo;;;;
duolingo espanhol;1600;Baixo;;;;
duolingo download para pc;10;Baixo;;;;
duolingo para pc download;20;Baixo;;;;
duolingo italiano gratuito;20;Baixo;;;;
duolingo 4;0;Desconhecido;;;;
baixar duolingo pc;30;Baixo;;;;
duolingo prova;40;Baixo;;;;
duolingo iphone;20;Baixo;;;;
ok google duolingo;10;Baixo;;;;
baixar duolingo para pc;260;Baixo;;;;
duolingo criar conta;40;Baixo;;;;
baixar duolingo gratis;30;Baixo;;;;
duolingo app baixar;50;Baixo;;;;
aprender ingles com duolingo;140;Baixo;;;;
duolingo english entrar;260;Baixo;;;;
baixar duolingo;1600;Baixo;;;;
baixar duolingo no pc;50;Baixo;;;;
duolingo português;390;Baixo;;;;
acessar o duolingo;10;Baixo;;;;
dou lingua;10;Baixo;;;;
duo learning;0;Desconhecido;;;;
duolingo app pc;30;Baixo;;;;
duolingo gratis baixar;20;Médio;;;;
baixar o duolingo gratis;10;Médio;;;;
duolingo inglês e espanhol;260;Baixo;;;;
aplicativo de inglês duolingo;30;Médio;;;;
duolingo espanol;110;Baixo;;;;
baixar duolingo inglês;40;Médio;;;;
baixar duolingo francês;20;Médio;;;;
download duolingo para pc;10;Baixo;;;;
duolingo alemão app;20;Baixo;;;;
duolingo play;10;Baixo;;;;
duolingo italiano entrar;260;Baixo;;;;
prova duolingo;70;Baixo;;;;
duolingo app windows;10;Baixo;;;;
duolingo para windows;70;Baixo;;;;
duolingo alemão aplicativo;10;Baixo;;;;
duolingo ingles baixar;10;Médio;;;;
duolingo i;10;Baixo;;;;
sobre o duolingo;30;Baixo;;;;
duolingo aprender portugues;10;Baixo;;;;
duolingo entrar na conta;40;Baixo;;;;
instalar o duolingo;20;Médio;;;;
aprender inglês e espanhol;40;Médio;;;;
curso de ingles online gratis duolingo;70;Médio;;;;
duolingo espanhol gratuito;10;Baixo;;;;
duolingo grátis;50;Médio;;;;
download do duolingo;20;Baixo;;;;
entrar duolingo;590;Baixo;;;;
curso de ingles duolingo;210;Médio;;;;
duolingo frances portugues;10;Baixo;;;;
app store duolingo;70;Baixo;;;;
duolingo ios;50;Baixo;;;;
duolingo 2;10;Baixo;;;;
duolingo curso de inglês;70;Médio;;;;
inglês duolingo;70;Baixo;;;;
duolingo english portuguese;30;Baixo;;;;
entrar no meu duolingo;40;Baixo;;;;
duolingo english stories;0;Desconhecido;;;;
app duolingo italiano;10;Baixo;;;;
duolingo download gratis;40;Baixo;;;;
duolingo internet;10;Baixo;;;;
duolingo italiano;1900;Baixo;;;;
duolingo português francês;10;Baixo;;;;
curso idioma gratis;210;Médio;;;;
duolingo plus gratis;210;Baixo;;;;
duolingo s;0;Desconhecido;;;;
duolingo baixar gratis;20;Baixo;;;;
duolingo programa;10;Baixo;;;;
duolingo stories english;40;Baixo;;;;
duolingo português italiano;10;Baixo;;;;
duolingo ingles portugues;10;Baixo;;;;
duolingo ingles para portugues;10;Baixo;;;;
duolingo portugues espanhol;10;Baixo;;;;
duolingo inglês grátis;1000;Baixo;;;;
duolingo pc version;10;Baixo;;;;
iphone duolingo;0;Desconhecido;;;;
duolingo francês app;50;Baixo;;;;
duolingo é totalmente gratuito;10;Baixo;;;;
curso de idiomas gratis online;480;Alto;;;;
ingles no duolingo;10;Baixo;;;;
duolingo ingles portugues baixar;40;Médio;;;;
duolingo jogos;70;Baixo;;;;
meu duolingo esta em ingles;30;Baixo;;;;
duolingo entrar de graça;50;Baixo;;;;
aprender idioma online;170;Alto;;;;
duolingo idiomas disponiveis;40;Baixo;;;;
duolingo english download;10;Baixo;;;;
duolingo de graça;20;Baixo;;;;
duolingo france;110;Baixo;;;;
duolingo espanhol portugues;20;Baixo;;;;
duolingo 3;10;Baixo;;;;
curso de frances duolingo;20;Baixo;;;;
aprender idiomas online gratuito;10;Médio;;;;
duolingo portugues para ingles;10;Baixo;;;;
story duolingo;140;Baixo;;;;
duolingo espanhol baixar;10;Baixo;;;;
duolingo em inglês;40;Médio;;;;
baixar duolingo espanhol;10;Médio;;;;
duolingo italiano baixar;10;Baixo;;;;
duolingo notebook;20;Baixo;;;;
duolingo torrent;10;Baixo;;;;
duolingo alemão;590;Baixo;;;;
duolingo curso de inglês grátis;70;Médio;;;;
duolingo francês;720;Baixo;;;;
duolingo app play store;10;Baixo;;;;
duolingo fórum;10;Baixo;;;;
duolingo usa;20;Baixo;;;;
duolingo frances funciona;20;Baixo;;;;
cursos de linguas online gratis;170;Médio;;;;
curso duolingo ingles gratis;10;Médio;;;;
duolingo n;10;Baixo;;;;
baixar duolingo italiano;70;Baixo;;;;
events duolingo;10;Baixo;;;;
duolingo entrar na minha conta;1900;Baixo;;;;
duolingo plus free;20;Baixo;;;;
duolingo instalar;210;Baixo;;;;
duolingo plus ios;10;Baixo;;;;
chat duolingo;30;Baixo;;;;
aprender linguas gratis;70;Médio;;;;
lingoduo;10;Baixo;;;;
duolingo plus download;110;Baixo;;;;
curso de inglês gratis duolingo;50;Baixo;;;;
nivel duolingo;30;Baixo;;;;
metodo duolingo;20;Baixo;;;;
jogo de ingles duolingo;70;Baixo;;;;
duolingo brasil;140;Baixo;;;;
duolingo na komputer;0;Desconhecido;;;;
aprender linguas online gratis;20;Médio;;;;
idioma gratis;70;Médio;;;;
duolingo 2018;10;Baixo;;;;
incubadora duolingo;20;Baixo;;;;
duolingo english german;10;Baixo;;;;
da pra aprender ingles com duolingo;50;Baixo;;;;
duolingo ingles gratis baixar;10;Médio;;;;
da pra aprender ingles no duolingo;40;Baixo;;;;
curso de italiano gratis duolingo;20;Médio;;;;
coruja duolingo;70;Baixo;;;;
curso online de idiomas;110;Alto;;;;
curso italiano duolingo;10;Baixo;;;;
duolingo infantil gratis;20;Baixo;;;;
duolingo t;10;Baixo;;;;
da para aprender ingles no duolingo;20;Baixo;;;;
duolingo download windows 7;10;Baixo;;;;
duo lengua;0;Desconhecido;;;;
duolingo pc windows download;0;Desconhecido;;;;
baixar duolingo apk;40;Baixo;;;;
duolingo pc windows 7;10;Baixo;;;;
o duolingo é pago;20;Baixo;;;;
duolingo pc offline;10;Baixo;;;;
duolingo tiny;10;Baixo;;;;
aprender linguas online;90;Médio;;;;
duolingo alemão para falantes de português;10;Baixo;;;;
aprender ingles no duolingo;30;Baixo;;;;
melhor forma de estudar no duolingo;30;Baixo;;;;
duolingo frances para falantes de portugues;10;Baixo;;;;
duolingo spain;0;Desconhecido;;;;
cursos gratuitos online idiomas;140;Médio;;;;
app lingua;10;Baixo;;;;
instalar duolingo ingles;10;Médio;;;;
site para aprender idiomas;170;Baixo;;;;
duolingo para pc windows 7;20;Baixo;;;;
duolingo plus free ios;10;Baixo;;;;
duolingo aprender inglês;210;Médio;;;;
site aprender idiomas;20;Baixo;;;;
duolingo plus android;0;Desconhecido;;;;
jogos para aprender idiomas;20;Baixo;;;;
duolingo aprenda ingles de graça;10;Baixo;;;;
baixar aplicativo duolingo para pc;20;Baixo;;;;
ligas do duolingo;50;Baixo;;;;
baixaki duolingo;30;Baixo;;;;
duolingo english download pc;10;Baixo;;;;
gramatica duolingo;10;Baixo;;;;
curso de ingles espanhol e frances gratis;20;Alto;;;;
duolingo versão antiga;20;Baixo;;;;
olingo ingles;10;Baixo;;;;
duolingo r;10;Baixo;;;;
duolingo basico;10;Baixo;;;;
duolingo baixar apk;50;Baixo;;;;
link duolingo;10;Baixo;;;;
duolingo offline pc;10;Baixo;;;;
duolingo ru;1900;Baixo;;;;
apps para aprender idiomas gratuito;10;Médio;;;;
inglês e espanhol online;90;Médio;;;;
aprender ingles completamente gratis;0;Desconhecido;;;;
download duolingo plus;20;Baixo;;;;
duolingo school code;30;Baixo;;;;
aprenda idiomas;90;Médio;;;;
duolingo tem que pagar;20;Baixo;;;;
duolingo download windows 10;0;Desconhecido;;;;
aprender linguas app;10;Baixo;;;;
baixar duolingo inglês e espanhol;20;Baixo;;;;
duolingo whatsapp;10;Baixo;;;;
baixar duolingo ingles e portugues;10;Médio;;;;
aplicativo da coruja para aprender ingles;20;Baixo;;;;
site para aprender linguas;70;Baixo;;;;
curso gratis de idiomas;1300;Médio;;;;
aprender ingles com duolingo funciona;30;Baixo;;;;
duolingo baixar no celular;10;Baixo;;;;
duolingo b2;10;Baixo;;;;
download duolingo pc windows 7;70;Baixo;;;;
duolingo ligas;90;Baixo;;;;
da para aprender ingles com o duolingo;50;Baixo;;;;
duolingo italiano portugues;10;Baixo;;;;
dá para aprender ingles com duolingo;70;Baixo;;;;
duolingo apk android;10;Baixo;;;;
duolingo play store link;10;Baixo;;;;
duolingo avançado;30;Baixo;;;;
site de idiomas;50;Médio;;;;
duolingo nivel avançado;20;Baixo;;;;
duolingo 5;0;Desconhecido;;;;
aprender linguas online gratuito;20;Médio;;;;
bajar aplicación de duolingo;0;Desconhecido;;;;
duolingo é pago;110;Baixo;;;;
duolingo funciona;590;Baixo;;;;
tradutor duolingo;170;Baixo;;;;
ligas duolingo;170;Baixo;;;;
duolingo italiano para falantes de português;90;Baixo;;;;
duolingo mac os;10;Baixo;;;;
duolingo app windows 10;10;Baixo;;;;
app aprender linguas;40;Baixo;;;;
aplicativo para aprender linguas gratis;20;Médio;;;;
duolingo pro;50;Baixo;;;;
ingles britanico duolingo;20;Baixo;;;;
curso idioma online;70;Alto;;;;
duolingo download android;10;Baixo;;;;
app de aprender idiomas;40;Baixo;;;;
google play store duolingo;0;Desconhecido;;;;
duolingo disponível em;170;Baixo;;;;
tinycards android;10;Baixo;;;;
support duolingo;10;Baixo;;;;
apps para aprender linguas;140;Baixo;;;;
descargar curso de ingles duolingo gratis;10;Médio;;;;
sites para aprender idiomas gratis;40;Baixo;;;;
blog duolingo;110;Baixo;;;;
baixar duolingo plus;70;Baixo;;;;
aprenda linguas;320;Baixo;;;;
aprender ingles e espanhol;40;Médio;;;;
app kur;10;Baixo;;;;
duolingo login google;10;Baixo;;;;
duolingo portugues de portugal;30;Baixo;;;;
duolingo funciona offline;20;Baixo;;;;
é possivel aprender ingles com duolingo;90;Baixo;;;;
melhor forma de usar o duolingo;30;Baixo;;;;
programas de ingles gratis para aprender;0;Desconhecido;;;;
novo duolingo;10;Baixo;;;;
aplicativo para aprender idiomas;110;Baixo;;;;
duolingo pc windows 10;10;Baixo;;;;
aplicativo idiomas gratuito;20;Médio;;;;
curso linguas online;140;Alto;;;;
quantas fases tem o duolingo;20;Baixo;;;;
duolingo plus 2019;10;Baixo;;;;
aplicativo aprender idiomas;20;Baixo;;;;
invite duolingo;40;Médio;;;;
app de idiomas gratis;70;Médio;;;;
baixar duolingo plus gratis;20;Baixo;;;;
duolingo ajuda;50;Baixo;;;;
curso de ingles online e gratis;140;Alto;;;;
aplicativo para aprender linguas;170;Baixo;;;;
duolingo é eficaz;40;Baixo;;;;
duolingo é bom para aprender ingles;70;Baixo;;;;
duolingo como passar de nivel;10;Baixo;;;;
aplicativo de idiomas gratuito;20;Médio;;;;
duolingo english forum;90;Baixo;;;;
app para aprender idioma;590;Baixo;;;;
english live duolingo;10;Baixo;;;;
curso de inglês pela internet grátis;20;Alto;;;;
app aprender idioma;110;Baixo;;;;
melhor aplicativo idiomas;10;Baixo;;;;
duolingo yahoo;10;Baixo;;;;
duolingo infantil;140;Baixo;;;;
aplicativos de idiomas gratis;50;Médio;;;;
aplicativos idiomas;170;Baixo;;;;
frases duolingo;20;Baixo;;;;
idiomas on line;260;Alto;;;;
duolingo offline download;10;Baixo;;;;
melhor aplicativo para aprender linguas;20;Baixo;;;;
aulas de idiomas online;210;Alto;;;;
aplicativo idioma;170;Baixo;;;;
app idioma;40;Baixo;;;;
duolingo preço;210;Baixo;;;;
site de idiomas gratuito;30;Médio;;;;
aplicativos de idiomas;390;Baixo;;;;
duolingo polones;20;Baixo;;;;
app italiano gratis;20;Baixo;;;;
qual o melhor app para aprender idiomas;50;Baixo;;;;
cursos ingles gratuitos;3600;Médio;;;;
duolingo plus vale a pena;260;Baixo;;;;
é possivel aprender ingles com o duolingo;20;Baixo;;;;
site de inglês gratuito;40;Alto;;;;
duolingo russo;170;Baixo;;;;
russo duolingo;30;Baixo;;;;
aplicativos para aprender idiomas gratis;40;Baixo;;;;
duolingo ensina mesmo;40;Baixo;;;;
melhor app para aprender linguas;30;Baixo;;;;
melhor aplicativo para aprender idiomas;50;Baixo;;;;
duolingo basico 1 quantos niveis;10;Baixo;;;;
duolingo frases;20;Baixo;;;;
duolingo tradutor;210;Baixo;;;;
aplicativos para aprender idiomas;390;Baixo;;;;
quantos níveis tem o duolingo;110;Baixo;;;;
aplicativos para aprender idiomas gratuitos;140;Médio;;;;
aula de idiomas online;210;Alto;;;;
aplicativo de linguas gratis;30;Baixo;;;;
app de idiomas;320;Baixo;;;;
niveis do duolingo;50;Baixo;;;;
site de linguas;70;Baixo;;;;
aplicativo para idiomas;30;Baixo;;;;
curso de inglês grátis online;880;Médio;;;;
duolingo chrome;10;Baixo;;;;
eficacia do duolingo;10;Baixo;;;;
atualização duolingo 2019;10;Baixo;;;;
app para aprender linguas gratis;20;Médio;;;;
curso de ingles grátis online;880;Médio;;;;
aprender linguas;320;Baixo;;;;
app para aprender italiano;260;Médio;;;;
duolingo life;20;Baixo;;;;
app para aprender ingles gratuito;50;Médio;;;;
duolingo info;10;Baixo;;;;
melhor app de idiomas;110;Baixo;;;;
melhor app para aprender idiomas gratis;50;Baixo;;;;
qual o melhor aplicativo para aprender idiomas;30;Médio;;;;
aplicativo de idiomas gratis;50;Médio;;;;
qual a diferença do duolingo plus;30;Baixo;;;;
melhor aplicativo de idiomas;50;Baixo;;;;
app ingles;590;Baixo;;;;
aplicativo aprender linguas;20;Baixo;;;;
aprender italiano gratuito;50;Médio;;;;
site de inglês;480;Médio;;;;
curso de ingles online gratis;22200;Médio;;;;
linguas online;40;Médio;;;;
app para aprender ingles totalmente gratis;20;Médio;;;;
aula de inglês online gratis;6600;Médio;;;;
duolingo plus gratis apk;30;Baixo;;;;
aulas de inglês online grátis;6600;Médio;;;;
qual o melhor app de idiomas;10;Baixo;;;;
apps para aprender ingles gratuito;20;Médio;;;;
duolingo mail;0;Desconhecido;;;;
sites para aprender idiomas online gratis;20;Médio;;;;
cursos inglês online grátis;720;Alto;;;;
curso de linguas gratis;210;Médio;;;;
app aprender frances gratis;20;Médio;;;;
tinycards download;10;Baixo;;;;
qual melhor app para aprender idiomas;20;Médio;;;;
melhor app idiomas;50;Baixo;;;;
duolingo ios 9;0;Desconhecido;;;;
app curso de ingles gratuito;20;Médio;;;;
logo duolingo;390;Baixo;;;;
duolingo holandes;50;Baixo;;;;
aprender um idioma;50;Baixo;;;;
duolingo wikipedia english;10;Baixo;;;;
aplicativo de idiomas;390;Baixo;;;;
descargar duolingo para aprender ingles;0;Desconhecido;;;;
descargar duolingo gratis para celular;0;Desconhecido;;;;
aulas de inglês online gratuito;480;Alto;;;;
level duolingo;20;Baixo;;;;
aplicativo para aprender italiano grátis;30;Médio;;;;
cursos online de ingles gratuitos;480;Alto;;;;
curso de inglês e espanhol online gratuito;50;Alto;;;;
duolingo pdf;10;Baixo;;;;
ingles ahora gratis;;Desconhecido;;;;
melhor aplicativo de linguas;20;Baixo;;;;
app de linguas;140;Baixo;;;;
cursos inglês online gratis;720;Alto;;;;
melhores aplicativos para aprender idiomas;170;Baixo;;;;
aplicativo linguas;70;Baixo;;;;
preço duolingo;90;Baixo;;;;
download duolingo plus apk;70;Baixo;;;;
aplicativo de linguas;210;Baixo;;;;
curso de ingles gratis online;8100;Médio;;;;
melhor app para aprender idiomas;320;Baixo;;;;
melhor app linguas;20;Baixo;;;;
aprender espanhol grátis;1000;Médio;;;;
curso de ingles gratis e online;70;Alto;;;;
google tradutor duolingo;10;Baixo;;;;
aprender lingua;320;Baixo;;;;
duolingo quantos níveis;10;Baixo;;;;
app para aprender outras linguas;90;Baixo;;;;
valor duolingo;30;Baixo;;;;
aplicativo de linguas estrangeiras;20;Baixo;;;;
cursos de linguas gratuitos online;90;Médio;;;;
duolingo grego;40;Baixo;;;;
quantos niveis tem no duolingo;10;Baixo;;;;
aulas de ingles gratuito online;170;Médio;;;;
melhor app de linguas;30;Baixo;;;;
aplicativo para aprender outras linguas;90;Baixo;;;;
app curso de ingles gratis;50;Médio;;;;
duolingo francês é bom;30;Baixo;;;;
melhor app para idiomas;20;Baixo;;;;
duolingo netherlands;0;Desconhecido;;;;
duolingo funciona mesmo;140;Baixo;;;;
aprender frances app gratis;10;Médio;;;;
duolingo windows 10 download;0;Desconhecido;;;;
melhor aplicativo para aprender italiano;50;Médio;;;;
duolingo hongaars;;Desconhecido;;;;
duolingo precisa de internet;20;Baixo;;;;
aplicativos gratuitos para aprender idiomas;40;Baixo;;;;
cursos inglês gratuito;880;Alto;;;;
aplicativos para aprender italiano;260;Médio;;;;
curso de línguas online;720;Alto;;;;
curso de inglês online grátis;22200;Médio;;;;
melhor app aprender italiano;20;Baixo;;;;
curso de linguas gratuito online;90;Médio;;;;
curso de ingles de graça online;90;Alto;;;;
melhores apps para aprender idiomas;170;Baixo;;;;
duolingo portugal;70;Baixo;;;;
quantos niveis tem o duolingo ingles;50;Baixo;;;;
aplicativos para idiomas;30;Baixo;;;;
app de inglês gratuito;70;Médio;;;;
cursos inglês online gratuito;880;Médio;;;;
curso de inglês online gratuito;9900;Alto;;;;
melhores apps para aprender linguas;10;Baixo;;;;
aplicativos para aprender frances gratuito;20;Médio;;;;
cursos inglês gratuitos;3600;Médio;;;;
aplicativo duolingo é bom;40;Baixo;;;;
curso de inglês grátis pela internet;110;Médio;;;;
melhores aplicativos para aprender linguas;20;Baixo;;;;
duolingo plus apk download;40;Baixo;;;;
aprenda italiano gratis;170;Médio;;;;
duolingo plus apk ios;10;Baixo;;;;
contato duolingo;40;Baixo;;;;
curso de ingles online e gratuito;390;Médio;;;;
cursos ingles online gratuito;880;Médio;;;;
curso de inglês online e gratuito;390;Médio;;;;
wlingua francês;30;Baixo;;;;
melhor aplicativo aprender italiano;10;Baixo;;;;
app de ingles gratis;390;Médio;;;;
duo ringo;10;Baixo;;;;
melhor app para aprender italiano gratis;10;Médio;;;;
programa aprender ingles download;0;Desconhecido;;;;
aplicativo para aprender italiano;260;Médio;;;;
aplicativos de inglês grátis;590;Médio;;;;
curso de inglês gratuito pela internet;110;Alto;;;;
duolingo pago;40;Baixo;;;;
site de ingles;480;Médio;;;;
app frances gratis;20;Baixo;;;;
melhor app para aprender italiano;90;Baixo;;;;
curso online de inglês grátis;1600;Médio;;;;
melhores aplicativos para aprender italiano;40;Baixo;;;;
app linguas;90;Baixo;;;;
espanhol aprender;320;Médio;;;;
melhores aplicativos idiomas;10;Baixo;;;;
app para aprender italiano gratis;50;Médio;;;;
aplicativo para falar outras linguas;20;Baixo;;;;
aprender espanhol;8100;Médio;;;;
site de curso de ingles gratis;30;Médio;;;;
duolingo inglês e espanhol apk;10;Baixo;;;;
open english duolingo;10;Médio;;;;
aprender novas linguas;50;Baixo;;;;
duolingo ajuda mesmo;70;Baixo;;;;
curso de ingles e espanhol gratis;40;Médio;;;;
inglês e espanhol;590;Baixo;;;;
programa para aprender ingles rapido gratis;10;Médio;;;;
melhores aplicativos de idiomas;40;Baixo;;;;
melhores apps de idiomas;40;Baixo;;;;
site ingles;480;Médio;;;;
aprender frances rapido e gratis;10;Alto;;;;
curso online grátis de inglês;880;Alto;;;;
aulas de inglês online;14800;Alto;;;;
duolingo latim;110;Baixo;;;;
aplicativos para aprender francês grátis;140;Médio;;;;
super duo duolingo;20;Baixo;;;;
duolingo premios;10;Baixo;;;;
aplicativo para aprender frances gratis;140;Médio;;;;
curso online de linguas;110;Alto;;;;
duolingo finnish language;0;Desconhecido;;;;
fazer curso de ingles online gratis;10;Alto;;;;
aplicativos para aprender italiano gratis;30;Médio;;;;
app curso de ingles;110;Médio;;;;
aula de inglês gratuita online;70;Alto;;;;
ingles online app;10;Médio;;;;
melhores apps idiomas;20;Baixo;;;;
aplicativo para aprender frances;590;Médio;;;;
apps para aprender francês;390;Médio;;;;
duolingo plus é bom;20;Baixo;;;;
curso de ingles online gratis em portugues;50;Alto;;;;
aplicativo gratuito para aprender frances;10;Médio;;;;
aplicativos para aprender francês;590;Médio;;;;
app para aprender francês gratis;90;Médio;;;;
aplicativo aprender frances;90;Médio;;;;
aplicativo para aprender espanhol gratuito;50;Médio;;;;
curso de ingles app gratis;30;Baixo;;;;
aplicativo curso de ingles;90;Médio;;;;
aula de ingles basico gratis;90;Médio;;;;
melhores apps para aprender italiano;10;Baixo;;;;
app de cursos de ingles gratis;40;Médio;;;;
curso de ingles aplicativo;30;Médio;;;;
aplicativos para aprender frances;590;Médio;;;;
cursos online inglês gratuito;110;Alto;;;;
plataforma ingles online;70;Alto;;;;
melhor app para aprender francês;170;Baixo;;;;
app p aprender ingles;480;Médio;;;;
cursos online de ingles gratis;8100;Médio;;;;
aplicativo gratuito para aprender espanhol;20;Médio;;;;
aplicativo italiano gratis;10;Médio;;;;
app aprender francês;70;Médio;;;;
app de aprender ingles gratis;50;Médio;;;;
app para aprender italiano offline;0;Desconhecido;;;;
melhor app aprender frances;30;Baixo;;;;
curso italiano online gratis;590;Alto;;;;
duolingo para escolas;320;Baixo;;;;
curso de inglês e espanhol online;170;Alto;;;;
app línguas estrangeiras;20;Baixo;;;;
cursinho de inglês grátis;3600;Alto;;;;
aplicativos aprender frances;90;Médio;;;;
aplicativo aprender italiano;50;Médio;;;;
duolingo apk ios;10;Baixo;;;;
melhor aplicativo para aprender francês;90;Baixo;;;;
melhor curso de espanhol online gratis;10;Alto;;;;
aplicativos para aprender espanhol gratis;110;Médio;;;;
app de frances gratis;10;Baixo;;;;
aplicativo de frances gratis;20;Baixo;;;;
aprender inglês;9900;Alto;;;;
curso gratis de inglês online;210;Alto;;;;
melhor app para aprender frances gratis;20;Baixo;;;;
aplicativo de curso de ingles gratuito;50;Médio;;;;
aplicativos para aprender ingles gratuito;50;Médio;;;;
aula de ingles avançado;110;Alto;;;;
melhor aplicativo android para aprender frances;10;Baixo;;;;
aplicativo de inglês gratuito;260;Médio;;;;
duolingo ou busuu;70;Baixo;;;;
duolingo escolas;170;Baixo;;;;
plataformas de ingles online;50;Alto;;;;
melhor curso espanhol online;70;Alto;;;;
duolingo conversação;20;Baixo;;;;
plataforma aprender ingles;20;Alto;;;;
app aprender italiano;110;Médio;;;;
aprender aula de inglês;30;Médio;;;;
aprender em inglês;2400;Baixo;;;;
site de ingles gratis;70;Médio;;;;
duolingo aprende mesmo;50;Baixo;;;;
aula de inglês grátis online;1300;Médio;;;;
aplicativo para aprender frances de graça;10;Médio;;;;
aplicativo para falar italiano;30;Baixo;;;;
aprender outras linguas;70;Baixo;;;;
apps para aprender inglês;480;Médio;;;;
melhores aplicativos para aprender frances;70;Baixo;;;;
aplicativo de curso de ingles gratis;30;Médio;;;;
app para frances;10;Médio;;;;
aprender portugues de portugal online gratis;10;Alto;;;;
curso de espanhol avançado online;20;Alto;;;;
cursos online gratuitos de inglês;1900;Alto;;;;
busuu ou duolingo;210;Baixo;;;;
duolingo english apk;10;Baixo;;;;
duolingo ingles avanzado;0;Desconhecido;;;;
aplicativo frances;70;Baixo;;;;
duolingo busuu;10;Baixo;;;;
melhor aplicativo aprender frances;10;Baixo;;;;
aprender espanhol aplicativo;20;Baixo;;;;
app curso de frances gratis;20;Médio;;;;
melhores apps para aprender frances;70;Baixo;;;;
aprender francês app;20;Médio;;;;
aplicativo curso de ingles gratis;30;Médio;;;;
aulas de inglês grátis para iniciantes;1000;Médio;;;;
app para aprender espanhol gratis;70;Médio;;;;
duolingo lite;10;Baixo;;;;
curso online de inglês gratuito;480;Alto;;;;
app para aprender frances gratis android;10;Baixo;;;;
curso online linguas;90;Alto;;;;
duolingo apk plus;170;Baixo;;;;
aplicativo italiano;30;Baixo;;;;
app para falar frances;20;Baixo;;;;
curso gratuitos de ingles;1900;Alto;;;;
aplicativo para falar francês;40;Médio;;;;
curso de ingles de graça;590;Alto;;;;
sites de ingles online gratuito;30;Médio;;;;
aplicativo de francês;40;Baixo;;;;
duolingo plus valor;260;Baixo;;;;
duolingo é bom;880;Baixo;;;;
melhor app para aprender espanhol gratis;40;Médio;;;;
aula de inglês gratuito online;170;Médio;;;;
curso de ingles gratis online para iniciantes;140;Médio;;;;
curso italiano gratis online;590;Alto;;;;
aula de inglês online para iniciantes;90;Alto;;;;
melhor app de inglês gratuito;30;Médio;;;;
aulas de inglês para iniciantes grátis;320;Médio;;;;
download busuu;50;Baixo;;;;
melhores curso de ingles online gratis;2400;Alto;;;;
aplicativo alemao para aprender idiomas;10;Médio;;;;
aprender italiano grátis;170;Médio;;;;
app para aprender espanhol gratuito;10;Médio;;;;
duolingo apk offline;10;Baixo;;;;
app para aprender ingles britanico;40;Baixo;;;;
aplicativo para aprender italiano gratuito;50;Médio;;;;
tinycards login;10;Baixo;;;;
aprender inglês gratis;1000;Médio;;;;
curso de ingles totalmente gratis;30;Alto;;;;
aprender ingles rapido online;30;Alto;;;;
duolingo rosetta stone;10;Baixo;;;;
app curso de inglês;110;Médio;;;;
app de espanhol gratis;30;Médio;;;;
melhor aplicativo de inglês grátis;90;Médio;;;;
o duolingo é bom;40;Baixo;;;;
ingles gratis app;40;Médio;;;;
aplicativos para aprender ingles no pc;10;Baixo;;;;
app aprender ingles gratuito;10;Médio;;;;
aplicativo espanhol gratis;10;Médio;;;;
app ingles gratis;320;Médio;;;;
aprendendo ingles de graça;480;Médio;;;;
site em ingles para aprender;40;Baixo;;;;
app de inglês;720;Médio;;;;
app gratis para aprender italiano;10;Médio;;;;
cursos de francês online gratuito;1000;Médio;;;;
espanhol aulas;260;Médio;;;;
