English Attack Keyword;Avg.Monthly Searches;Competition
app ingles infantil;170;Baixo
app ingles para criancas;110;Baixo
aprenda ingles agora;40;MÃ©dio
aprenda ingles brincando;110;MÃ©dio
aprendendo as cores em ingles brincando;30;Baixo
aprendendo ingles brincando infantil;110;MÃ©dio
aprendendo ingles com figuras;40;MÃ©dio
aprendendo ingles com jogos;90;Baixo
aprendendo ingles com musica infantil;40;Baixo
aprendendo ingles infantil;390;Baixo
aprendendo ingles para crianÃ§as;170;MÃ©dio
aprender ingles brincando;110;MÃ©dio
aprender ingles com jogos;90;Baixo
aprender ingles crianca;140;MÃ©dio
aprender ingles kids;30;Baixo
aprender linguas;320;Baixo
as cores em ingles para educaÃ§Ã£o infantil;40;Baixo
atividade de ingles online;320;MÃ©dio
atividade ingles infantil;720;Baixo
atividade online de ingles;210;MÃ©dio
atividades de ingles basico;260;Baixo
atividades de ingles educaÃ§Ã£o infantil;1300;Baixo
atividades de ingles infantil;480;Baixo
atividades de ingles para 4 anos;50;Baixo
atividades de ingles para criancas;880;Baixo
atividades de ingles para educaÃ§Ã£o infantil;880;Baixo
atividades de ingles para imprimir;1000;Baixo
atividades de ingles para iniciantes;1000;Baixo
atividades educativas em ingles;10;Baixo
atividades educativas ingles;10;Baixo
atividades educaÃ§Ã£o infantil ingles;110;Baixo
atividades em ingles;5400;Baixo
atividades em ingles online;170;MÃ©dio
atividades em ingles para criancas;480;Baixo
atividades em ingles para educaÃ§Ã£o infantil;390;Baixo
atividades em ingles para iniciantes;260;Baixo
atividades em inglÃªs para imprimir;390;Baixo
atividades ingles;1600;Baixo
atividades ingles crianÃ§as;90;Baixo
atividades ingles online;40;Baixo
atividades ingles para crianÃ§as;90;Baixo
atividades ingles para educaÃ§Ã£o infantil;110;Baixo
atividades inglÃªs educaÃ§Ã£o infantil;480;Baixo
atividades para aprender ingles;170;Baixo
atividades para crianÃ§as em ingles;110;Baixo
aula de ingles infantil;1300;MÃ©dio
aula de ingles kids;90;MÃ©dio
aula de ingles para criancas;1900;MÃ©dio
aula de ingles para iniciantes infantil;140;MÃ©dio
aula ingles infantil;140;Baixo
aulas de inglÃªs infantil;1300;MÃ©dio
brincadeira em ingles para sala de aula;40;Baixo
brincadeira inglÃªs;320;Baixo
brincadeiras aula de ingles;10;Baixo
brincadeiras de crianÃ§a em ingles;140;Baixo
brincadeiras de ingles;20;Baixo
brincadeiras em ingles;3600;Baixo
brincadeiras em ingles para crianÃ§as;30;Baixo
brincadeiras em inglÃªs;3600;Baixo
brincadeiras em inglÃªs para crianÃ§as;30;Baixo
brincadeiras infantis em ingles;40;Baixo
brincadeiras ingles sala de aula;10;Baixo
brincadeiras para aprender ingles;70;Baixo
brincadeiras para aula de ingles;20;Baixo
brincadeiras para ensinar ingles;40;Baixo
brincando com ingles 5 ano;10;Alto
completar palavras em ingles;20;Baixo
cores em ingles para crianca;260;Baixo
crianca em inglÃªs;6600;Baixo
crianca ingles;480;Baixo
crianÃ§as aprendendo inglÃªs;140;Baixo
curso de ingles para crianÃ§as;590;Alto
da ingles;170;Baixo
dinamicas e jogos em ingles;90;Baixo
ensinando ingles com brincadeiras;10;Baixo
ensinando ingles para crianÃ§as;210;Baixo
ensinando inglÃªs para bebÃªs;70;Baixo
ensinando inglÃªs para iniciantes;20;Baixo
ensinar inglÃªs brincando;390;MÃ©dio
escola de inglÃªs infantil;50;Alto
estude ingles online;1900;Alto
exercicios de inglÃªs online;210;MÃ©dio
exercÃ­cios de inglÃªs online;140;MÃ©dio
exercÃ­cios online de inglÃªs;210;MÃ©dio
game para aprender ingles;30;Baixo
games em ingles;140;Baixo
infantil em ingles;720;Baixo
infantil em inglÃªs;720;Baixo
ingles agora;110;Baixo
ingles basico para crianÃ§as;70;Baixo
ingles brincando;20;Baixo
ingles crianca;30;MÃ©dio
ingles criancas;320;Baixo
ingles infantil atividades;320;Baixo
ingles infantil exercicios;0;Desconhecido
ingles infantil online;90;Alto
ingles jogo;110;Baixo
ingles online infantil;50;Alto
ingles online para criancas;590;Alto
ingles para crianca;5400;Alto
ingles para criancas;5400;Alto
ingles para criancas de 2 anos;20;MÃ©dio
ingles para criancas de 3 anos;70;MÃ©dio
ingles para criancas online;170;Alto
ingles para crianÃ§as de 4 anos;90;MÃ©dio
ingles para crianÃ§as de 5 anos;110;MÃ©dio
ingles para crianÃ§as de 6 anos;70;MÃ©dio
ingles para educaÃ§Ã£o infantil atividades;20;Baixo
ingles para kids;20;Baixo
inglÃªs educaÃ§Ã£o infantil atividades;20;Baixo
inglÃªs em casa;720;MÃ©dio
inglÃªs exercÃ­cios;320;Baixo
inglÃªs infantil;1000;Baixo
jogar em ingles;210;Baixo
jogar em inglÃªs;5400;Baixo
jogar ingles;1000;Baixo
jogo aprender ingles;210;MÃ©dio
jogo cores em ingles;40;Baixo
jogo de aprender ingles;110;MÃ©dio
jogo de completar a musica em ingles;40;Baixo
jogo de completar musica em ingles;20;Baixo
jogo de cores em ingles;50;Baixo
jogo de falar inglÃªs;30;Baixo
jogo de ingles;2400;Baixo
jogo de ingles online;320;MÃ©dio
jogo de inglÃªs infantil;210;MÃ©dio
jogo de musica em ingles;40;Baixo
jogo de palavras em ingles;210;Baixo
jogo de palavras ingles;30;Baixo
jogo de perguntas e respostas em ingles;40;Baixo
jogo de perguntas em ingles;50;Baixo
jogo educativo ingles;10;Alto
jogo em ingles para aprender;140;MÃ©dio
jogo ingles online;210;Baixo
jogo ingles palavras;260;Baixo
jogo inglÃªs infantil;170;MÃ©dio
jogo online de ingles;110;Baixo
jogo online ingles;210;Baixo
jogo online para aprender ingles;170;Baixo
jogo para aprender a ler;1300;Baixo
jogo para aprender ingles;2400;MÃ©dio
jogo para aprender inglÃªs;2400;MÃ©dio
jogo para treinar ingles;320;Baixo
jogos aula de ingles;10;Baixo
jogos de animais em ingles;10;Baixo
jogos de cores em ingles;50;Baixo
jogos de english;10;Baixo
jogos de ingles;2400;Baixo
jogos de ingles 3o ano;0;Desconhecido
jogos de ingles 4 ano;10;MÃ©dio
jogos de ingles 5 ano;10;Baixo
jogos de ingles 6 ano;10;Baixo
jogos de ingles para 6 ano;20;Baixo
jogos de ingles para aprender;30;MÃ©dio
jogos de ingles para crianÃ§as;110;Baixo
jogos de ingles para sala de aula;50;MÃ©dio
jogos de inglÃªs para educaÃ§Ã£o infantil;20;Baixo
jogos de inglÃªs para imprimir;20;Baixo
jogos de inglÃªs para iniciantes;30;Baixo
jogos de inglÃªs para sala de aula;50;MÃ©dio
jogos de numeros em ingles;40;Baixo
jogos de roupas em ingles;10;Baixo
jogos e brincadeiras em ingles;110;Baixo
jogos educativos de ingles;70;MÃ©dio
jogos educativos de ingles para sala de aula;10;Baixo
jogos educativos de inglÃªs online;10;Baixo
jogos educativos em ingles;170;MÃ©dio
jogos educativos em ingles para sala de aula;10;MÃ©dio
jogos educativos ingles;110;MÃ©dio
jogos educativos ingles download;140;Baixo
jogos educativos ingles infantil;210;MÃ©dio
jogos educativos para aprender ingles;20;MÃ©dio
jogos em english;10;Baixo
jogos em ingles infantil;210;Baixo
jogos em ingles online;260;Baixo
jogos em ingles para criancas;140;Baixo
jogos em ingles para educaÃ§Ã£o infantil;40;Baixo
jogos em ingles para fazer em sala de aula;10;Baixo
jogos em ingles para imprimir;210;Baixo
jogos em ingles para iniciantes;90;Baixo
jogos em inglÃªs online;260;Baixo
jogos em inglÃªs para alunos;390;Baixo
jogos em inglÃªs para sala de aula;20;MÃ©dio
jogos infantis em ingles;110;Baixo
jogos infantis ingles;90;Baixo
jogos ingles educativos;10;Baixo
jogos ingles infantil cores;110;Baixo
jogos ingles infantil educativo;320;MÃ©dio
jogos ingles para sala de aula;10;Baixo
jogos ludicos de ingles;10;Baixo
jogos online em ingles;170;Baixo
jogos online ingles infantil;70;Baixo
jogos para ajudar no ingles;20;Baixo
jogos para aprender a falar inglÃªs;20;Baixo
jogos para aprender frances;70;Baixo
jogos para aprender idiomas;20;Baixo
jogos para aprender ingles android;10;Baixo
jogos para aprender ingles app;140;Baixo
jogos para aprender ingles download;0;Desconhecido
jogos para aprender ingles em sala de aula;10;Baixo
jogos para aprender ingles infantil;70;MÃ©dio
jogos para aprender ingles online;90;MÃ©dio
jogos para aula de ingles;110;Baixo
jogos para aula de ingles ensino medio;10;Baixo
jogos para ensinar ingles;40;Baixo
jogos para ensinar ingles em sala de aula;10;Baixo
jogos para estudar ingles;70;Baixo
jogos para ingles;30;Baixo
jogos para melhorar o ingles;20;Baixo
jogos para memorizar palavras em ingles;20;Baixo
jogos para praticar ingles;110;Baixo
jogos para treinar o ingles;70;Baixo
joguinho de ingles;90;Baixo
joguinho para aprender a ler;50;Baixo
joguinho para aprender ingles;30;MÃ©dio
material de ingles para crianÃ§as;30;Alto
musica em ingles para crianca;720;Baixo
musica infantil ingles cores;30;Baixo
musica ingles infantil;590;Baixo
niveis do ingles;260;Baixo
numeros em ingles infantil;110;Baixo
numeros em ingles para criancas;260;Baixo
numeros em ingles para educaÃ§Ã£o infantil;70;Baixo
palavras em ingles para criancas;320;Baixo
praticar inglÃªs online;210;Alto
seu ingles;260;Baixo
site de jogos em ingles;40;Baixo
treinando inglÃªs online;140;Alto
treinar palavras em ingles;10;Baixo
video em ingles infantil;210;Baixo
video infantil ingles;110;Baixo
videos infantis em ingles;260;Baixo
videos infantis ingles;110;Baixo
vÃ­deos inglÃªs;320;Baixo
