Flexge Keyword;Avg. Monthly Searches;Competition
aprenda a falar ingles;2400;MÃ©dio
aprenda ingles;9900;Alto
aprenda ingles gratis online;90;Alto
aprenda ingles online;1000;Alto
aprenda ingles online gratis;480;MÃ©dio
aprenda ingles online gratuito;320;MÃ©dio
aprenda inglÃªs;9900;Alto
aprenda inglÃªs online;1000;Alto
aprendendo ingles online gratuito;320;MÃ©dio
aprendendo ingles pela internet;390;MÃ©dio
aprender em ingles;2400;Baixo
aprender english online;10;Alto
aprender ingles gratuitamente;210;MÃ©dio
aprender ingles gratuito online;50;MÃ©dio
aprender ingles na internet;50;MÃ©dio
aprender inglÃªs gratuito;210;MÃ©dio
aprender inglÃªs grÃ¡tis;1000;MÃ©dio
aprender inglÃªs grÃ¡tis online;90;Alto
aprender inglÃªs online grÃ¡tis;480;MÃ©dio
aula de english;260;MÃ©dio
aula de ingles;40500;MÃ©dio
aula de ingles gratis online;1300;MÃ©dio
aula de ingles gratuita;720;MÃ©dio
aula de ingles gratuito;480;MÃ©dio
aula de ingles online;14800;Alto
aula de ingles online gratis;6600;MÃ©dio
aula de ingles virtual;50;MÃ©dio
aula de inglÃªs gratis online;1300;MÃ©dio
aula de inglÃªs grÃ¡tis;12100;MÃ©dio
aula de inglÃªs online;14800;Alto
aula de inglÃªs online gratuita;480;Alto
aula em ingles;4400;Baixo
aula ingles;2400;MÃ©dio
aula ingles gratis online;70;MÃ©dio
aula ingles online;1900;Alto
aula ingles online gratis;390;MÃ©dio
aula inglÃªs online;1900;Alto
aula online de ingles;2400;Alto
aula online ingles;1000;Alto
aulas de ingles basico;480;MÃ©dio
aulas de ingles gratuito online;170;MÃ©dio
aulas de ingles online para iniciantes;90;Alto
aulas de ingles pela internet;90;Alto
aulas de inglÃªs;40500;MÃ©dio
aulas de inglÃªs online gratuitas;6600;MÃ©dio
aulas em ingles online gratis;40;MÃ©dio
aulas gratuitas de ingles online;170;Alto
aulas online de ingles gratis;720;Alto
aulas online de ingles gratuito;170;MÃ©dio
aulas online de inglÃªs;2400;Alto
baixar curso de ingles;110;MÃ©dio
basico do ingles;720;Baixo
bom curso de ingles online;40;Alto
bom inglÃªs;720;Baixo
bons cursos de ingles online;70;Alto
certificado curso de ingles;140;Baixo
certificado curso ingles;40;Baixo
certificado de curso de ingles;90;Baixo
certificado de curso de inglÃªs;90;Baixo
certificado de ingles online;40;MÃ©dio
certificado de inglÃªs;140;Baixo
certificado em ingles;390;Baixo
certificado ingles basico;10;Baixo
certificado inglÃªs;170;Baixo
conversaÃ§Ã£o em inglÃªs online;480;Alto
conversaÃ§Ã£o ingles online;390;Alto
cursinho de ingles;590;Alto
cursinho de ingles gratuito;22200;Alto
cursinho de ingles online;140;Alto
cursinho de inglÃªs;49500;Alto
cursinho de inglÃªs online;49500;Alto
cursinho ingles;1300;Alto
cursinhos de ingles online gratis;22200;MÃ©dio
curso basico de ingles gratuito;390;MÃ©dio
curso bom de ingles;10;Alto
curso bom de ingles online;20;Alto
curso bÃ¡sico de inglÃªs;170;MÃ©dio
curso bÃ¡sico de inglÃªs online;50;Alto
curso completo de ingles online;20;Alto
curso conversaÃ§Ã£o ingles online;50;Alto
curso de conversaÃ§Ã£o em ingles online;210;Alto
curso de english;90;MÃ©dio
curso de english online;50;Alto
curso de idioma online;1000;Alto
curso de idiomas;1000;MÃ©dio
curso de idiomas gratuito;880;MÃ©dio
curso de ingles a distancia;480;Alto
curso de ingles avanÃ§ado;260;Alto
curso de ingles avanÃ§ado online;110;Alto
curso de ingles avanÃ§ado online com certificado;20;Alto
curso de ingles com certificado;720;Alto
curso de ingles com certificado gratis;390;MÃ©dio
curso de ingles com certificado gratis online;20;Alto
curso de ingles com certificado gratuito;110;Alto
curso de ingles com certificado online;30;Alto
curso de ingles completo gratuito;50;MÃ©dio
curso de ingles ead;1600;Alto
curso de ingles ead com certificado;90;Alto
curso de ingles ead gratuito com certificado;480;Alto
curso de ingles em;10;MÃ©dio
curso de ingles em audio;50;Alto
curso de ingles em ingles;110;Baixo
curso de ingles gratis e online;70;Alto
curso de ingles gratis online;8100;MÃ©dio
curso de ingles gratis online com certificado;140;MÃ©dio
curso de ingles gratuito;22200;Alto
curso de ingles gratuito com certificado;590;MÃ©dio
curso de ingles gratuito e online;110;Alto
curso de ingles gratuito online;5400;Alto
curso de ingles gratuito online com certificado;210;MÃ©dio
curso de ingles gratuito online para iniciantes;70;Alto
curso de ingles gratuitos online;8100;MÃ©dio
curso de ingles grÃ¡tis;3600;Alto
curso de ingles grÃ¡tis online;880;MÃ©dio
curso de ingles iniciante;140;Alto
curso de ingles interativo;20;Alto
curso de ingles internet;10;Alto
curso de ingles melhor;20;Alto
curso de ingles na internet;30;Alto
curso de ingles o melhor;10;Alto
curso de ingles online basico;20;Alto
curso de ingles online bom;110;Alto
curso de ingles online com certificado;1900;Alto
curso de ingles online com certificado gratis;170;MÃ©dio
curso de ingles online com certificado gratuito;70;MÃ©dio
curso de ingles online com certificado reconhecido;20;Alto
curso de ingles online com certificado reconhecido pelo mec;390;Alto
curso de ingles online e gratis;140;Alto
curso de ingles online e gratuito;390;MÃ©dio
curso de ingles online e gratuito com certificado;20;MÃ©dio
curso de ingles online gratis;22200;MÃ©dio
curso de ingles online gratis com certificado;590;Alto
curso de ingles online gratis completo;390;Alto
curso de ingles online gratuito com certificado;390;MÃ©dio
curso de ingles online gratuito para iniciantes;1600;Alto
curso de ingles online gratuito para iniciantes com certificado;40;MÃ©dio
curso de ingles online mais barato;20;Alto
curso de ingles online melhor;170;Alto
curso de ingles online o melhor;20;Alto
curso de ingles online pagamento boleto;40;Alto
curso de ingles online pago;70;Alto
curso de ingles online pago com certificado;10;Alto
curso de ingles online para iniciantes;320;Alto
curso de ingles online para iniciantes gratuito;40;Alto
curso de ingles online preÃ§os;880;Alto
curso de ingles online qual o melhor;140;Alto
curso de ingles online rapido;30;Alto
curso de ingles online recomendado;10;Alto
curso de ingles online valor;140;Alto
curso de ingles online Ã© bom;70;Alto
curso de ingles para iniciantes;880;MÃ©dio
curso de ingles para iniciantes online;70;Alto
curso de ingles pela internet;110;Alto
curso de ingles qual o melhor;30;Alto
curso de ingles rapido;210;Alto
curso de ingles rapido online;30;Alto
curso de ingles valores;390;Alto
curso de ingles virtual gratuito;10;MÃ©dio
curso de inglÃªs;49500;Alto
curso de inglÃªs avanÃ§ado online gratuito;40;MÃ©dio
curso de inglÃªs bÃ¡sico online;140;Alto
curso de inglÃªs com certificado;720;Alto
curso de inglÃªs completo;110;Alto
curso de inglÃªs gratis online;880;MÃ©dio
curso de inglÃªs gratuito com certificado;590;MÃ©dio
curso de inglÃªs gratuito online;5400;Alto
curso de inglÃªs gratuito online com certificado;210;MÃ©dio
curso de inglÃªs gratuito pela internet;110;Alto
curso de inglÃªs grÃ¡tis;3600;Alto
curso de inglÃªs grÃ¡tis pela internet;110;MÃ©dio
curso de inglÃªs online;49500;Alto
curso de inglÃªs online com certificado;1900;Alto
curso de inglÃªs online com certificado gratuito;70;MÃ©dio
curso de inglÃªs online e gratuito;390;MÃ©dio
curso de inglÃªs online gratuito;9900;Alto
curso de inglÃªs online gratuito com certificado;390;MÃ©dio
curso de inglÃªs pela internet grÃ¡tis;20;Alto
curso de inglÃªs totalmente gratuito;30;Alto
curso de linguas gratuito;480;MÃ©dio
curso de linguas online;720;Alto
curso em ingles;2400;Baixo
curso em ingles online gratis;50;MÃ©dio
curso em inglÃªs;2400;Baixo
curso em inglÃªs online;110;Alto
curso english;110;MÃ©dio
curso english online;10;Alto
curso gratis de ingles online;8100;MÃ©dio
curso gratuito de ingles com certificado;90;Alto
curso gratuito de ingles online com certificado;50;Alto
curso gratuito de inglÃªs;1900;Alto
curso gratuito de inglÃªs online;110;Alto
curso gratuito ingles;1600;MÃ©dio
curso gratuito ingles online;480;Alto
curso gratuito inglÃªs;1600;MÃ©dio
curso gratuito inglÃªs online;480;Alto
curso gratuito online de inglÃªs;880;Alto
curso grÃ¡tis de ingles;2900;Alto
curso grÃ¡tis de inglÃªs online;210;Alto
curso grÃ¡tis inglÃªs;170;Alto
curso grÃ¡tis online de inglÃªs;260;MÃ©dio
curso idioma online;70;Alto
curso ingles a distancia;70;Alto
curso ingles basico gratuito;20;MÃ©dio
curso ingles certificado gratis;30;MÃ©dio
curso ingles certificado online;70;Alto
curso ingles com certificado;50;Alto
curso ingles com certificado gratis;40;MÃ©dio
curso ingles gratuito com certificado;40;MÃ©dio
curso ingles internet;10;Alto
curso ingles on line;9900;Alto
curso ingles online com certificado;170;Alto
curso ingles online com certificado gratis;20;MÃ©dio
curso ingles online gratis com certificado;70;MÃ©dio
curso ingles online melhor;110;Alto
curso inglÃªs;1300;Alto
curso inglÃªs gratis online;70;Alto
curso inglÃªs gratuito;880;Alto
curso inglÃªs gratuito online;70;MÃ©dio
curso inglÃªs grÃ¡tis;210;Alto
curso inglÃªs online;9900;Alto
curso inglÃªs online gratis;720;Alto
curso inglÃªs online gratuito;880;MÃ©dio
curso inglÃªs online gratuito certificado;10;MÃ©dio
curso inglÃªs online grÃ¡tis;720;Alto
curso linguas online;140;Alto
curso on line de ingles;9900;Alto
curso online de ingles com certificado;170;Alto
curso online de ingles gratis;1600;MÃ©dio
curso online de inglÃªs;6600;Alto
curso online de inglÃªs com certificado;170;Alto
curso online de inglÃªs gratis;1600;MÃ©dio
curso online de inglÃªs gratuito;480;Alto
curso online de inglÃªs gratuito com certificado;110;MÃ©dio
curso online de linguas;110;Alto
curso online e gratis de ingles;20;MÃ©dio
curso online e gratuito de ingles;70;MÃ©dio
curso online gratis de inglÃªs;880;Alto
curso online gratis ingles;480;MÃ©dio
curso online gratuito de inglÃªs;1900;Alto
curso online ingles;4400;Alto
curso online ingles certificado;20;Alto
curso online ingles com certificado;90;Alto
curso online ingles gratis;6600;MÃ©dio
curso online inglÃªs;720;Alto
curso online inglÃªs gratis;210;Alto
curso online inglÃªs gratuito;110;Alto
curso online linguas;90;Alto
curso rapido de ingles online;10;Alto
cursos bons de ingles;10;Alto
cursos de idiomas gratuitos com certificado;110;MÃ©dio
cursos de idiomas gratuitos online com certificado;30;MÃ©dio
cursos de idiomas online com certificado;50;Alto
cursos de idiomas online gratuitos com certificado;210;Alto
cursos de ingles com certificado;720;Alto
cursos de ingles gratuitos com certificado;590;MÃ©dio
cursos de ingles online e gratuito;140;MÃ©dio
cursos de ingles online grÃ¡tis;720;Alto
cursos de ingles online melhores;140;Alto
cursos de ingles online preÃ§os;90;Alto
cursos de ingles online qual o melhor;20;Alto
cursos de inglÃªs gratuito;720;Alto
cursos de inglÃªs gratuitos;22200;Alto
cursos de inglÃªs online;2400;Alto
cursos de inglÃªs online com certificado;480;Alto
cursos de inglÃªs online e gratuito;140;MÃ©dio
cursos de inglÃªs online gratuito;1900;Alto
cursos de inglÃªs online gratuito com certificado;140;Alto
cursos de linguas gratuitos;320;MÃ©dio
cursos de linguas gratuitos online;90;MÃ©dio
cursos de lÃ­nguas online gratuitos com certificado;140;MÃ©dio
cursos gratuitos de ingles online com certificado;50;Alto
cursos gratuitos ingles online certificado;30;Alto
cursos gratuitos online de inglÃªs;880;Alto
cursos idiomas online gratuitos com certificado;20;MÃ©dio
cursos inglÃªs gratuitos;3600;MÃ©dio
cursos online de ingles com certificado gratuito;10;Alto
cursos online gratis de inglÃªs;30;Alto
cursos online gratuitos com certificado ingles;30;MÃ©dio
cursos online gratuitos de idiomas com certificado;110;MÃ©dio
de inglÃªs;1600;Baixo
em curso em ingles;20;Baixo
english curso;110;MÃ©dio
english curso online;10;Alto
englishtown ou open english;20;MÃ©dio
escola de idiomas online;210;Alto
escola de ingles;3600;MÃ©dio
escola de ingles online;720;Alto
escola de ingles online gratis;50;MÃ©dio
escola de inglÃªs;2900;MÃ©dio
escola de inglÃªs online;260;Alto
escola ingles;1000;MÃ©dio
escola ingles online;170;Alto
escola inglÃªs;1000;MÃ©dio
escola online de ingles;90;Alto
escolas de ingles online;390;Alto
escolas de inglÃªs online;110;Alto
estudando ingles online;1900;Alto
estudar ingles;4400;MÃ©dio
estudar ingles gratis;260;MÃ©dio
estudar ingles gratis online;70;MÃ©dio
estudar ingles gratuito;10;MÃ©dio
estudar ingles online;1900;Alto
estudar ingles online gratis;390;MÃ©dio
estudar ingles pela internet;30;MÃ©dio
estudar inglÃªs;4400;MÃ©dio
estudar inglÃªs online gratuito;110;MÃ©dio
estudar inglÃªs online grÃ¡tis;390;MÃ©dio
estudo ingles online;20;Alto
faculdade de ingles online;10;Alto
falar ingles online;110;Alto
fazer curso de ingles;30;MÃ©dio
fazer curso de ingles online;20;Alto
fazer ingles online;40;Alto
gratuito em ingles;170;Baixo
ingles aula;590;MÃ©dio
ingles aula online;110;Alto
ingles aulas online;110;Alto
ingles basico online;110;Alto
ingles com certificado;30;MÃ©dio
ingles curso;5400;Alto
ingles curso online;320;Alto
ingles curso online gratis;70;MÃ©dio
ingles gratis online com certificado;10;MÃ©dio
ingles gratuito;1900;Alto
ingles gratuito com certificado;30;MÃ©dio
ingles gratuito online;390;MÃ©dio
ingles grÃ¡tis online;210;Alto
ingles internet;40;MÃ©dio
ingles na internet;50;MÃ©dio
ingles on line;33100;Alto
ingles on line gratuito;6600;MÃ©dio
ingles online bom;10;Alto
ingles online certificado;30;Alto
ingles online com certificado;260;Alto
ingles online curso;4400;Alto
ingles online e gratis;10;MÃ©dio
ingles online e gratuito;140;MÃ©dio
ingles online gratis;6600;MÃ©dio
ingles online gratuito para iniciantes;70;MÃ©dio
ingles online grÃ¡tis;1000;Alto
ingles online melhor;40;Alto
ingles online melhores cursos;90;Alto
ingles online qual o melhor;40;Alto
ingles online Ã© bom;20;Alto
ingles pela internet;110;Alto
ingles portugues online;170;Baixo
inglÃªs;110000;Baixo
inglÃªs bÃ¡sico;1600;MÃ©dio
inglÃªs bÃ¡sico online;110;Alto
inglÃªs curso;260;Alto
inglÃªs curso gratuito;50;MÃ©dio
inglÃªs curso online;320;Alto
inglÃªs curso online gratuito;70;MÃ©dio
inglÃªs gratuito;880;Alto
inglÃªs gratuito online;140;Alto
inglÃªs grÃ¡tis;1900;MÃ©dio
inglÃªs online com certificado;260;Alto
inglÃªs online curso;210;Alto
inglÃªs online gratuito;1600;Alto
inglÃªs online gratuito com certificado;40;MÃ©dio
inglÃªs online grÃ¡tis para iniciantes;260;MÃ©dio
internetes em ingles;720;Baixo
melhor certificado de ingles;10;Baixo
melhor curso de idiomas;10;MÃ©dio
melhor curso de idiomas online;50;Alto
melhor curso de ingles;1300;MÃ©dio
melhor curso de ingles conversaÃ§Ã£o;10;Alto
melhor curso de ingles gratis;140;MÃ©dio
melhor curso de ingles gratis online;10;MÃ©dio
melhor curso de ingles gratuito;140;MÃ©dio
melhor curso de ingles online;9900;Alto
melhor curso de ingles online com certificado;320;Alto
melhor curso de ingles online gratis;2400;Alto
melhor curso de ingles online gratuito;480;MÃ©dio
melhor curso de ingles online pago;50;Alto
melhor curso de ingles para conversaÃ§Ã£o;10;Alto
melhor curso de ingles pela internet;10;Alto
melhor curso de inglÃªs;1300;MÃ©dio
melhor curso de inglÃªs online;9900;Alto
melhor curso de inglÃªs online grÃ¡tis;2400;Alto
melhor curso ingles;70;Alto
melhor curso ingles online;590;Alto
melhor curso ingles online gratis;1000;Alto
melhor curso ingles online pago;10;Alto
melhor curso online de ingles;480;Alto
melhor curso online ingles;70;Alto
melhor cursos de ingles online;30;Alto
melhor escola de ingles online;390;Alto
melhor escola ingles online;50;Alto
melhor escola online de ingles;30;Alto
melhor ingles;210;Baixo
melhor ingles online;260;Alto
melhor site de ingles online;10;MÃ©dio
melhor site para aprender ingles;170;MÃ©dio
melhores aulas de ingles online;140;Alto
melhores cursos de idiomas online;390;Alto
melhores cursos de ingles;1300;Alto
melhores cursos de ingles gratis online;20;MÃ©dio
melhores cursos de ingles gratuitos;70;MÃ©dio
melhores cursos de ingles online;5400;Alto
melhores cursos de ingles online com certificado;40;Alto
melhores cursos de ingles online gratis;720;MÃ©dio
melhores cursos de ingles online gratuito;50;MÃ©dio
melhores cursos de ingles online pago;90;Alto
melhores cursos de inglÃªs;1300;Alto
melhores cursos de inglÃªs online;5400;Alto
melhores cursos de linguas online;50;Alto
melhores cursos ingles;50;Alto
melhores cursos ingles online;260;Alto
melhores cursos online de ingles;390;Alto
melhores cursos online ingles;90;Alto
melhores escolas de ingles online;260;Alto
melhores ingles online;30;Alto
melhores sites para aprender ingles;390;MÃ©dio
o melhor curso de ingles;90;Alto
o melhor curso de ingles online;170;Alto
o melhor curso de inglÃªs online;170;Alto
o melhor ingles online;30;Alto
online em ingles;320;Baixo
os melhores cursos de ingles;90;Alto
os melhores cursos de ingles online;320;Alto
os melhores cursos de ingles online gratuitos;40;Alto
portugues ingles online;10;Baixo
quais os melhores cursos de ingles;50;MÃ©dio
quais os melhores cursos de ingles online;110;Alto
quais os melhores cursos de inglÃªs online;40;Alto
qual a melhor escola de ingles online;140;Alto
qual curso de ingles online Ã© melhor;10;Alto
qual melhor curso de ingles;210;MÃ©dio
qual melhor curso de ingles online;880;Alto
qual melhor curso de ingles online gratuito;10;MÃ©dio
qual melhor curso de ingles online pago;10;Alto
qual melhor curso ingles online;40;Alto
qual melhor curso online de ingles;70;Alto
qual melhor escola de ingles online;90;Alto
qual melhor ingles online;30;Alto
qual o melhor curso de ingles;320;MÃ©dio
qual o melhor curso de ingles online;1300;Alto
qual o melhor curso de inglÃªs online gratuito;40;MÃ©dio
qual o melhor curso ingles online;20;Alto
qual o melhor curso online de ingles;140;Alto
qual o melhor ingles online;30;Alto
site de curso de ingles gratis;30;MÃ©dio
site de ingles;480;MÃ©dio
site de ingles online;90;Alto
site em ingles;1000;Baixo
site ingles;480;MÃ©dio
site ingles online;50;Alto
sites de ingles online gratuito;30;MÃ©dio
sites para aprender ingles;1300;MÃ©dio
sites para aprender ingles online;30;Alto
sites para aprender ingles online gratuito;70;MÃ©dio
sites para estudar ingles;260;MÃ©dio
testar ingles;480;Baixo
teste de ingles;6600;MÃ©dio
teste de ingles online;1300;Alto
teste de inglÃªs;6600;MÃ©dio
teste de inglÃªs online;1300;Alto
teste em ingles;720;Baixo
teste ingles online;390;Alto
testes de ingles;720;MÃ©dio
testes de ingles online;210;Alto
testes de inglÃªs;720;MÃ©dio
video aula ingles;480;MÃ©dio
videos aulas de ingles;3600;MÃ©dio
