Lingualia Keyword;Avg. monthly searches;Competition
aprender idioma online;170;Alto
um diÃ¡logo em espanhol;140;Baixo
dialogos simples em espanhol;70;Baixo
curso idioma online;70;Alto
idiomas gratis online;70;MÃ©dio
conversar ingles online;390;Alto
curso online de idiomas;110;Alto
rede social para aprender idiomas;50;Baixo
diÃ¡logos em espanhol;5400;Baixo
pequenos dialogos em espanhol;110;Baixo
aprender lÃ­nguas online;90;MÃ©dio
exemplos de diÃ¡logos em espanhol;70;Baixo
dialogos curtos em espanhol;40;Baixo
dialogos de espanhol;170;Baixo
espanhol dialogo;40;Baixo
dialogo entre duas pessoas em espanhol;70;Baixo
dialogo espanhol;260;Baixo
um dialogo em espanhol entre duas pessoas;30;Baixo
curso de idiomas online gratis;140;MÃ©dio
dialogo basico em espanhol;50;Baixo
espanol dialogos;210;Baixo
dialogos em espanhol com audio;10;Baixo
conversa espanhol entre duas pessoas;10;Baixo
falar espanhol com nativos;20;MÃ©dio
dialogo em espanhol entre duas pessoas;140;Baixo
dialogo em espanhol pequeno;20;Baixo
conversa em espanhol para iniciantes;110;Baixo
aprender linguas gratis;70;MÃ©dio
conversa em espanhol entre duas pessoas;10;Baixo
aprender idiomas online gratuito;10;MÃ©dio
curso de ingles online e gratis;140;Alto
curso gratuito de ingles online;320;Alto
idioma online;40;MÃ©dio
dialogo em espanhol entre 2 pessoas;320;Baixo
praticar espanhol;110;Baixo
praticar espanhol online;20;MÃ©dio
idioma gratis;70;MÃ©dio
diÃ¡logo de duas pessoas em espanhol;30;Baixo
dialogo de espanhol entre 2 pessoas;10;Baixo
rede social de idiomas;20;Baixo
curso idiomas online gratis;20;MÃ©dio
cursos de ingles online;9900;Alto
aprender ingles com nativos gratis;30;MÃ©dio
dialogos em inglÃªs;9900;Baixo
conversa em espanhol entre 2 pessoas;50;Baixo
cursos de espanol online;70;MÃ©dio
escola de idiomas online;210;Alto
diÃ¡logo de espanhol entre duas pessoas;20;Baixo
rede social aprender ingles;10;Baixo
dialogo em espanhol 2 pessoas;10;Baixo
aprender linguas online gratis;20;MÃ©dio
curso gratuito ingles online;480;Alto
curso para aprender inglÃ©s;70;Alto
uma conversa em espanhol;70;Baixo
aprender linguas;320;Baixo
conversas em espanhol;1900;Baixo
espanhol simples;70;Baixo
teste nivel de ingles;880;MÃ©dio
aprenda ingles online gratis;480;MÃ©dio
conversas em espanhol entre amigos;10;Baixo
curso de espanol online gratis;70;MÃ©dio
dialogos em ingles;9900;Baixo
praticar espanhol falando;10;Baixo
curso de ingles online gratis;22200;MÃ©dio
curso online de ingles gratis;1600;MÃ©dio
cursos de ingles gratuito online;5400;Alto
curso completo de ingles online gratis;50;Alto
cursos online ingles;4400;Alto
curso gratis de ingles online;8100;MÃ©dio
curso de ingles gratuito;22200;Alto
o uso do ingles nas redes sociais;0;Desconhecido
ingles cursos gratuitos;1600;MÃ©dio
dialogos em ingles simples;110;Baixo
curso de ingles online e gratuito;390;MÃ©dio
aprender ingles conversando com nativos;30;MÃ©dio
melhores cursos de idiomas online;390;Alto
curso idioma gratis;210;MÃ©dio
conversa espanhol;140;Baixo
diÃ¡logos de inglÃªs;170;Baixo
dialogo em ingles basico;50;Baixo
diÃ¡logo ingles;70;Baixo
aprender ingles conversando;30;Alto
aprender espanhol com nativos;20;MÃ©dio
aprender ingles rÃ¡pido;2900;MÃ©dio
dialogos em espanhol de 2 pessoas;0;Desconhecido
aprender ingles gratuito online;50;MÃ©dio
praticar inglÃªs;590;MÃ©dio
curso de ingles gratis online;8100;MÃ©dio
sites para conversar em ingles;880;MÃ©dio
aprenda ingles gratis;1000;MÃ©dio
conversa basica em espanhol;70;Baixo
dialogo de apresentaÃ§Ã£o em espanhol;170;Baixo
curso gratis ingles online;6600;MÃ©dio
ingles gratuito online;390;MÃ©dio
aprenda idiomas;90;MÃ©dio
redes sociais para aprender ingles;70;MÃ©dio
ingles gratis online;6600;MÃ©dio
aprender novas linguas;50;Baixo
clases para aprender inglÃ©s;10;MÃ©dio
sites para conversar com nativos;110;Baixo
curso de frances online;6600;Alto
metodo de ingles gratis;0;Desconhecido
praticando ingles;590;MÃ©dio
sites para aprender idiomas gratis;40;Baixo
curso gratis de idiomas;1300;MÃ©dio
curso online frances;590;Alto
ingles curso online;320;Alto
aprender um idioma;50;Baixo
app aprender idioma;110;Baixo
praticar inglÃªs online;210;Alto
aprender ingles curso online gratis;10;Alto
dialogo em espanhol entre duas pessoas no telefone;0;Desconhecido
praticar em inglÃªs;720;Baixo
aprenda ingles;9900;Alto
conversar em espanhol online;110;MÃ©dio
treinar ingles online;140;Alto
curso idiomas;210;MÃ©dio
praticar ingles gratis;40;MÃ©dio
praticar o ingles;70;MÃ©dio
aprender a falar em espanhol;110;MÃ©dio
dialogos simples em ingles;390;Baixo
aprender espanol online;40;MÃ©dio
curso frances online;1900;Alto
espanhol basico conversaÃ§Ã£o;20;Baixo
praticar ingles;590;MÃ©dio
app de aprender idiomas;40;Baixo
praticar inglÃªs online gratis;320;MÃ©dio
aprenda ingles online;1000;Alto
praticando ingles online;210;Alto
app de idiomas gratis;70;MÃ©dio
dialogo em espanhol na escola;20;Baixo
app para aprender idioma;590;Baixo
teste espanhol;320;Baixo
ingles curso online gratis;70;MÃ©dio
praticar ingles online gratis;320;MÃ©dio
curso d3 ingles;10;Alto
curso completo ingles;90;Alto
chat para aprender espanhol;10;Baixo
apps para aprender idiomas gratuito;10;MÃ©dio
aprender outras linguas;70;Baixo
exemplo de dialogo em ingles;70;Baixo
curso online ingles gratis;6600;MÃ©dio
app para aprender linguas;140;Baixo
curso e ingles;20;Alto
aprender uma lingua;20;Baixo
dialogo entre amigos em espanhol;20;Baixo
mÃ©todo para aprender ingles;390;MÃ©dio
aprender english online;10;Alto
grupo para aprender ingles;50;MÃ©dio
teste ingles online;390;Alto
conversar com nativos espanhol;30;MÃ©dio
aprender lingua;320;Baixo
cursos online de frances;320;Alto
curso espanol online;30;Alto
aprenda ingles gratis online;90;Alto
curso ingles online;9900;Alto
app para aprender linguas gratis;20;MÃ©dio
metodo de aprender ingles;40;MÃ©dio
cursos de idioma;480;MÃ©dio
clases de espaÃ±ol online gratis;20;Baixo
aprendiendo inglÃ©s fÃ¡cil;260;MÃ©dio
mÃ©todo para aprender inglÃªs;110;MÃ©dio
melhor app para aprender idiomas gratis;50;Baixo
ingles online gratuito;1600;Alto
curso online gratis ingles;480;MÃ©dio
aprender idiomas com nativos;40;MÃ©dio
treinar espanhol;170;Baixo
app para aprender italiano;260;MÃ©dio
ingles gratis por internet;10;MÃ©dio
ingles ahora gratis;;Desconhecido
curso de ingles online gratis com certificado;590;Alto
aprender uma lingua estrangeira;20;Baixo
rede social ingles;110;Baixo
site para conversar em espanhol;40;Baixo
dialogos pequenos em ingles;30;Baixo
testes espanhol;40;Baixo
teste de espanhol;880;Baixo
conversaÃ§Ãµes em espanhol;30;Baixo
app de idioma;40;Baixo
app curso de ingles gratuito;20;MÃ©dio
chats para conversar em ingles;140;MÃ©dio
frances online curso;90;Alto
app aprender frances gratis;20;MÃ©dio
aprender lÃ­nguas;320;Baixo
curso em ingles;2400;Baixo
clases de ingles por audio;0;Desconhecido
praticar inglÃªs com nativos;170;MÃ©dio
ingles para todos gratis;10;Baixo
testes de espanhol;50;Baixo
esquema para aprender ingles;20;Baixo
cursos de ingles online e gratuito;140;MÃ©dio
curso de ingles em audio;50;Alto
quais idiomas aprender;110;Baixo
curso de ingles online completo;30;Alto
estudiar espaÃ±ol online;10;MÃ©dio
aprender ingles de forma facil;30;MÃ©dio
testes em espanhol;320;Baixo
apps para aprender ingles gratuito;20;MÃ©dio
aprender inglÃªs rapido;260;Alto
modos de aprender ingles;40;MÃ©dio
app curso ingles gratis;20;Baixo
english native conversation;10;MÃ©dio
aprender inglÃªs com nativos;140;Alto
treinar espanhol gratis;10;MÃ©dio
app italiano gratis;20;Baixo
curso de ingles internet;10;Alto
qual idioma aprender;110;Baixo
teste de ingles online gratis;170;MÃ©dio
mÃ©todo para aprender idiomas;50;Baixo
treinar ingles gratis;50;MÃ©dio
teste de ingles gratis;590;MÃ©dio
para aprender inglÃ©s rÃ¡pido;10;Alto
espanhol conversaÃ§Ã£o;90;MÃ©dio
aprender frances rapido e gratis;10;Alto
aprender linguas app;10;Baixo
aprender ingles por audio;10;MÃ©dio
curso de ingles online com certificado;1900;Alto
curso para ingles;10;Alto
lÃ­nguas para aprender;210;Baixo
aprender ingles curso online;10;Alto
frases de conversaÃ§Ã£o em espanhol;20;Baixo
app idioma;40;Baixo
ingles online certificado;30;Alto
app frances gratis;20;Baixo
cursos ingles internet;10;Alto
gramÃ¡tica inglesa;6600;MÃ©dio
aprender portugues app;20;Baixo
app aprender portugues;20;Baixo
curso de ingles por audio;10;MÃ©dio
ingles metodo;140;Baixo
curso de ingles audio;30;MÃ©dio
app para aprender ingles gratuito;50;MÃ©dio
redes sociais ingles;110;Baixo
curso de ingles totalmente gratis;30;Alto
curso de ingles virtual gratuito;10;MÃ©dio
app para aprender ingles totalmente gratis;20;MÃ©dio
quais linguas aprender;90;Baixo
espanhol teste;30;Baixo
app linguas;90;Baixo
app aprender linguas;40;Baixo
app para ingles;110;MÃ©dio
atividade de conversaÃ§Ã£o em espanhol;110;Baixo
ingles online curso;4400;Alto
metodos de aprender ingles rapido;10;MÃ©dio
curso online de ingles;6600;Alto
aprender a falar espanhol;1000;MÃ©dio
aprender ingles rapido e gratis;30;MÃ©dio
aprender ingles internet;10;Alto
audio clases de ingles gratis;0;Desconhecido
app curso de frances gratis;20;MÃ©dio
curso ingles certificado;40;Alto
curso de ingles para;10;MÃ©dio
curso ingles online certificado;70;Alto
curso de ingles online certificado;40;Alto
curso ingles certificado online;70;Alto
app de frances gratis;10;Baixo
curso de ingles ingles;10;MÃ©dio
app de ingles;720;MÃ©dio
nivel curso;10;Baixo
curso de ingles online gratis certificado;40;MÃ©dio
app para aprender francÃªs;390;MÃ©dio
app curso ingles;20;MÃ©dio
aprender ingles 1 mes;10;MÃ©dio
app aprender ingles;590;MÃ©dio
app para aprender ingles com nativos;40;MÃ©dio
metodo para estudar ingles;70;MÃ©dio
qual lingua aprender;70;Baixo
linguas para aprender;210;Baixo
aprender ingles rapido e facil;70;MÃ©dio
teste de nÃ­vel de espanhol;210;Baixo
pasos a seguir para aprender ingles;0;Desconhecido
app para frances;10;MÃ©dio
melhores linguas para aprender;140;Baixo
app curso de ingles gratis;50;MÃ©dio
sequencia para aprender ingles;260;Baixo
app ingles;590;Baixo
curso online de gramatica;90;Alto
ingles audio;260;Baixo
app gratis ingles;40;MÃ©dio
aprender ingles com audio;40;MÃ©dio
curso ingles app;20;MÃ©dio
aprender ingles online com nativos;20;Alto
cursos em inglÃªs;2400;Baixo
dialogos simples;50;Baixo
metodos para estudar ingles;70;MÃ©dio
ingles rapido;590;MÃ©dio
topicos para aprender ingles;70;Baixo
diÃ¡logo italiano;10;Baixo
escola de ingles online;720;Alto
grupo de conversaÃ§Ã£o em espanhol;70;MÃ©dio
lugares para aprender ingles gratis;10;MÃ©dio
curso de ingles on;30;MÃ©dio
aprender ingles em um mes;90;MÃ©dio
aprender o inglÃªs;90;MÃ©dio
ingles online app;10;MÃ©dio
curso de ingles gratis com certificado;480;MÃ©dio
app ingles gratis;320;MÃ©dio
app de cursos de ingles gratis;40;MÃ©dio
audio aulas de ingles;50;MÃ©dio
treinar conversaÃ§Ã£o espanhol;40;MÃ©dio
italiano dialogo;10;Baixo
escola de ingles online gratis;50;MÃ©dio
programas de ingles gratis para aprender;0;Desconhecido
english curso online;10;Alto
frases basicas de espanhol;20;Baixo
palavras basicas de espanhol;10;Baixo
aprender o espanhol;30;MÃ©dio
aprender ingles em 2 meses;10;Alto
lingua espanhola aprender;390;MÃ©dio
treinar o ingles online;20;Alto
app de ingles gratis;390;MÃ©dio
app em ingles;110;Baixo
app para inglÃªs;20;MÃ©dio
aprender ingles audio gratis;10;MÃ©dio
frases para falar em espanhol;50;Baixo
ingles gratis app;40;MÃ©dio
curso de ingles online gratis com audio;30;MÃ©dio
plataforma ingles online;70;Alto
site para aprender idiomas com nativos;40;MÃ©dio
aprender ingles rapido online;30;Alto
coisas basicas de espanhol;30;Baixo
coisas basicas em espanhol;10;Baixo
curso de ingles online recomendado;10;Alto
aprenda italiano online;1000;Alto
clases de english gratis;0;Desconhecido
ingles online e gratis;10;MÃ©dio
curso se ingles online;49500;Alto
app curso de ingles;110;MÃ©dio
curso online gratis de ingles para iniciantes;70;MÃ©dio
ingles completo gratis;20;MÃ©dio
aprender ingles na internet gratis;10;MÃ©dio
principais linguas para aprender;20;Baixo
curso de ingles online com professores nativos gratis;50;Alto
curso de gramatica online;320;Alto
aprender ingles online rapido;10;Alto
plataformas de ingles online;50;Alto
aprender espanhol;8100;MÃ©dio
plataforma aprender ingles;20;Alto
em curso em ingles;20;Baixo
curso gratis italiano;880;Alto
aprender ingles para viajar online gratis;10;MÃ©dio
aprenda frances online;1000;Alto
conversaÃ§Ã£o em espanhol gratis;10;MÃ©dio
curso online english;20;Alto
curso de frances gratuito;1600;MÃ©dio
curso de ingles online vale a pena;210;Alto
curso de ingles pela internet;110;Alto
teste de nivel de ingles gratis;90;MÃ©dio
aprender ingles portugues;10;MÃ©dio
curso frances gratuito online;30;MÃ©dio
comprar curso de ingles online;10;Alto
nÃ­vel de inglÃªs;210;MÃ©dio
teste espanhol nivel;20;Baixo
ingles online gratis certificado;10;MÃ©dio
aulas de ingles audio;20;MÃ©dio
para aprender inglÃ©s bÃ¡sico;20;Baixo
espanhol aprender;320;MÃ©dio
clases de ingles 2;0;Desconhecido
cursos de ingles para iniciantes;880;MÃ©dio
aprender curso;90;Baixo
palavras basicas do espanhol;30;Baixo
ingles gratuito;1900;Alto
ingles online gratis para iniciantes;260;MÃ©dio
audio intermediate english;10;Baixo
qual espanhol aprender;90;Baixo
ejercicios para aprender espanol;10;Baixo
praticar ingles com nativos;170;MÃ©dio
curso ingles completo gratis;20;MÃ©dio
curso ingles certificado gratis;30;MÃ©dio
curso de italiano bÃ¡sico;70;MÃ©dio
aprender em ingles;2400;Baixo
curso de ingles 1 mes;10;MÃ©dio
dialogo entre duas pessoas se conhecendo;30;Baixo
audios em inglÃªs;50;MÃ©dio
plataforma para aprender frances;20;MÃ©dio
ingles em audio;30;MÃ©dio
razÃµes para aprender inglÃªs;30;Baixo
curso de ingles completo gratuito;50;MÃ©dio
teste nivel de espanhol;260;Baixo
aulas de ingles online gratis para iniciantes com audio;50;MÃ©dio
italiano aprender gratis;720;MÃ©dio
curso de ingles certificado gratis;40;Alto
com curso;90;Baixo
dialogo entre 2 amigos em espanhol;10;Baixo
site ingles online;50;Alto
ingles gratis online para iniciantes;30;MÃ©dio
dialogo em espanhol entre 3 pessoas se conhecendo;10;Baixo
aprender ingles gratis e rapido;50;MÃ©dio
melhor curso ingles online gratis;1000;Alto
