Keyword;Avg.Monthly Searches;Competition
lingvist app;10;Baixo
lingvist ios;0;Desconhecido
lingvist pro apk;0;Desconhecido
lingq app;210;Baixo
lingvist premium;0;Desconhecido
lingvist android;0;Desconhecido
app ingles;590;Baixo
lingvist apk;10;Baixo
app curso de ingles gratis;50;MÃ©dio
app para aprender ingles ios;10;Baixo
programa para aprender ingles rapido gratis;10;MÃ©dio
preterito in;10;Baixo
aprender ingles rapido online;30;Alto
app para ingles;110;MÃ©dio
app de ingles;720;MÃ©dio
una aplicaciÃ³n para aprender inglÃ©s gratis;0;Desconhecido
apps para praticar ingles;210;Baixo
app curso de ingles;110;MÃ©dio
simple present irregular;10;Baixo
ingles apps;590;Baixo
apps de aprender ingles;140;MÃ©dio
app aprender ingles;590;MÃ©dio
curso de ingles app android;10;MÃ©dio
un programa para aprender inglÃ©s;0;Desconhecido
app de ingles gratis;390;MÃ©dio
el espaÃ±ol y el castellano;720;Baixo
programa para aprender ingles para pc gratis;10;Baixo
aprender linguas gratis;70;MÃ©dio
lingvist english;0;Desconhecido
metodo aprender ingles rapido;10;MÃ©dio
app p aprender ingles;480;MÃ©dio
app ingles para iniciantes;30;MÃ©dio
aprende rapido en ingles;10;Baixo
inteligencia artificial para aprender ingles;10;MÃ©dio
app para aprender inglÃªs;480;MÃ©dio
aprender linguas app;10;Baixo
melhor app para aprender linguas;30;Baixo
quiero una aplicaciÃ³n para aprender inglÃ©s;;Desconhecido
app para vocabulario ingles;30;Baixo
para aprender inglÃ©s rÃ¡pido;10;Alto
app para aprender ingles gratuito;50;MÃ©dio
app ingles gratuito;10;Baixo
ingles online app;10;MÃ©dio
aprender inglÃªs;9900;Alto
conjugaison french;10;Baixo
app de cursos de ingles gratis;40;MÃ©dio
app de aprender ingles gratis;50;MÃ©dio
ingles ahora gratis;;Desconhecido
ingles rapido;590;MÃ©dio
app para aprender linguas;140;Baixo
aprender ingles app android;10;Baixo
aplicaciÃ³n para aprender inglÃ©s rÃ¡pido;0;Desconhecido
app gratis ingles;40;MÃ©dio
aprender inglÃªs e espanhol;40;MÃ©dio
app para inglÃªs;20;MÃ©dio
curso ingles rapido;40;Alto
app em ingles;110;Baixo
curso de ingles app gratis;30;Baixo
app para aprender ingles totalmente gratis;20;MÃ©dio
aprender lÃ­nguas;320;Baixo
bajar aplicaciÃ³n para aprender inglÃ©s;0;Desconhecido
app aprender linguas;40;Baixo
app gratis de ingles;20;Baixo
aplicaÃ§Ãµes para aprender linguas;170;Baixo
ingles gratis app;40;MÃ©dio
melhores apps para aprender linguas;10;Baixo
app para estudar ingles;480;MÃ©dio
spotify learn english;10;Baixo
programa aprender ingles download;0;Desconhecido
castellano espanol;0;Desconhecido
cursos para aprender ingles gratis y rapido;10;MÃ©dio
app linguas;90;Baixo
android em ingles;10;Baixo
app aprender ingles gratuito;10;MÃ©dio
melhores apps para aprender ingles;720;MÃ©dio
aprender ingles rÃ¡pido;2900;MÃ©dio
app gratuito ingles;30;Baixo
melhor app pago para aprender ingles;20;MÃ©dio
learn english pro apk;10;Baixo
app curso ingles;20;MÃ©dio
verb to be ser estar;40;Baixo
app curso ingles gratis;20;Baixo
programas de inglÃªs;20;MÃ©dio
metodo de aprender ingles rapido;10;Alto
site aprender idiomas;20;Baixo
melhores apps para aprender ingles gratuito;20;Baixo
melhores aplicativo para aprender ingles;390;MÃ©dio
app de ingles para pc;10;Baixo
regular e irregular verbs english;10;Baixo
app para estudar ingles gratis;70;MÃ©dio
curso ingles app;20;MÃ©dio
list verb english;590;Baixo
irregular verbs lista completa;10;Baixo
ingles app android;10;Baixo
app para ingles gratis;40;MÃ©dio
app lingua;10;Baixo
melhor app para aprender idiomas gratis;50;Baixo
qual o melhor app de idiomas;10;Baixo
app de linguas;140;Baixo
programa para aprender ingles download gratis;10;Baixo
ingles rapido gratis;20;MÃ©dio
languages vocabulary;10;Baixo
ios duolingo;10;Baixo
melhor app de linguas;30;Baixo
app para aprender ingles basico;10;MÃ©dio
ingles online funciona;70;Alto
aprender linguas online;90;MÃ©dio
curso de ingles rapido;210;Alto
site para aprender idiomas;170;Baixo
melhores aplicativos para aprender idiomas;170;Baixo
aplicativos para aprender idiomas gratuitos;140;MÃ©dio
aprender ingles rapido e gratis;30;MÃ©dio
app de aprender idiomas;40;Baixo
aprender lingua;320;Baixo
conjugaison du verbs;40;Baixo
aplicativo ingles infantil gratis;480;Baixo
duolingo online;1900;Baixo
app ingles gratis iphone;10;Baixo
app de idiomas;320;Baixo
duolingo android;90;Baixo
site duolingo;390;Baixo
