Rosetta Keywords;Avg. Monthly Searches;Competition
aplicativo de idiomas;390;Baixo
aplicativo de inglÃªs gratuito;260;MÃ©dio
app ingles gratis;320;MÃ©dio
aprenda a falar ingles;2400;MÃ©dio
aprenda em ingles;2400;Baixo
aprenda falar ingles;90;MÃ©dio
aprenda ingles;9900;Alto
aprenda ingles de graÃ§a;480;MÃ©dio
aprenda ingles em casa;880;Alto
aprenda ingles gratis;1000;MÃ©dio
aprenda ingles gratis online;90;Alto
aprenda ingles online;1000;Alto
aprenda ingles online gratis;480;MÃ©dio
aprenda ingles online gratuito;320;MÃ©dio
aprenda ingles sozinho;6600;MÃ©dio
aprenda inglÃªs;9900;Alto
aprenda inglÃªs gratis;1000;MÃ©dio
aprenda inglÃªs online;1000;Alto
aprenda inglÃªs online gratis;480;MÃ©dio
aprendendo ingles gratis;1000;MÃ©dio
aprendendo ingles gratis online;90;Alto
aprendendo ingles online gratuito;320;MÃ©dio
aprendendo ingles pela internet;390;MÃ©dio
aprender a falar ingles;2400;MÃ©dio
aprender em ingles;2400;Baixo
aprender english gratis;2900;MÃ©dio
aprender english online;10;Alto
aprender idioma online;170;Alto
aprender ingles curso online gratis;10;Alto
aprender ingles de graÃ§a online;30;MÃ©dio
aprender ingles em casa;880;Alto
aprender ingles free;10;Alto
aprender ingles gratuito na internet;10;Alto
aprender ingles gratuito online;50;MÃ©dio
aprender ingles internet;10;Alto
aprender ingles na internet;50;MÃ©dio
aprender ingles na internet gratis;10;MÃ©dio
aprender ingles online e gratis;20;MÃ©dio
aprender ingles pela internet gratis;20;MÃ©dio
aprender ingles site;40;MÃ©dio
aprender inglÃªs gratuito;210;MÃ©dio
aprender inglÃªs na internet;50;MÃ©dio
aprender linguas;320;Baixo
aprender lÃ­nguas;320;Baixo
aprender lÃ­nguas online;90;MÃ©dio
aprender online gratis;20;MÃ©dio
aula de ingles;40500;MÃ©dio
aula de ingles gratis online;1300;MÃ©dio
aula de ingles gratuita;720;MÃ©dio
aula de ingles online;14800;Alto
aula de inglÃªs gratis online;1300;MÃ©dio
aula de inglÃªs gratuita;720;MÃ©dio
aula de inglÃªs grÃ¡tis;12100;MÃ©dio
aula de inglÃªs online;14800;Alto
aula de inglÃªs online gratis;6600;MÃ©dio
aula de inglÃªs online gratuita;480;Alto
aula de inglÃªs online grÃ¡tis;6600;MÃ©dio
aula gratis de ingles;1000;MÃ©dio
aula ingles;2400;MÃ©dio
aula ingles gratis;720;MÃ©dio
aula ingles gratis online;70;MÃ©dio
aula ingles online;1900;Alto
aula ingles online gratis;390;MÃ©dio
aula online de ingles;2400;Alto
aulas de idiomas;90;MÃ©dio
aulas de idiomas online;210;Alto
aulas de ingles gratuitas;12100;MÃ©dio
aulas de ingles gratuito;480;MÃ©dio
aulas de ingles pela internet;90;Alto
aulas de inglÃªs;40500;MÃ©dio
aulas gratis de ingles online;170;Alto
aulas ingles gratis;720;MÃ©dio
aulas inglÃªs online gratis;390;MÃ©dio
aulas online de inglÃªs;2400;Alto
aulas online ingles;1000;Alto
conversar em ingles online;480;Alto
cursinho de ingles gratis online;10;Alto
cursinho de ingles gratuito;22200;Alto
cursinhos de ingles online gratis;22200;MÃ©dio
curso completo de ingles gratis online;50;Alto
curso de graÃ§a de ingles;20;Alto
curso de idioma;1000;MÃ©dio
curso de idioma gratuito;880;MÃ©dio
curso de idiomas online;1000;Alto
curso de idiomas online gratuito;480;MÃ©dio
curso de ingles;49500;Alto
curso de ingles de graca;590;Alto
curso de ingles de graÃ§a online;90;Alto
curso de ingles free;70;MÃ©dio
curso de ingles gratis e online;70;Alto
curso de ingles gratis on line;8100;MÃ©dio
curso de ingles gratuito;22200;Alto
curso de ingles gratuito online;5400;Alto
curso de ingles gratuitos online;8100;MÃ©dio
curso de ingles grÃ¡tis;3600;Alto
curso de ingles internet;10;Alto
curso de ingles na internet;30;Alto
curso de ingles on line gratis;8100;MÃ©dio
curso de ingles online;49500;Alto
curso de ingles online com certificado;1900;Alto
curso de ingles online e gratis;140;Alto
curso de ingles online e gratuito;390;MÃ©dio
curso de ingles pela internet;110;Alto
curso de ingles pela internet gratis;20;Alto
curso de inglÃªs;49500;Alto
curso de inglÃªs gratis online;880;MÃ©dio
curso de inglÃªs gratuito online;5400;Alto
curso de inglÃªs gratuito pela internet;110;Alto
curso de inglÃªs grÃ¡tis;3600;Alto
curso de inglÃªs grÃ¡tis pela internet;110;MÃ©dio
curso de inglÃªs online;49500;Alto
curso de inglÃªs online e gratuito;390;MÃ©dio
curso de inglÃªs online gratuito;9900;Alto
curso de linguas;880;MÃ©dio
curso de linguas gratuito;480;MÃ©dio
curso de linguas gratuito online;90;MÃ©dio
curso de linguas online;720;Alto
curso em ingles;2400;Baixo
curso em ingles online gratis;50;MÃ©dio
curso frances online;1900;Alto
curso frances online gratis;880;MÃ©dio
curso gratis de ingles online;8100;MÃ©dio
curso gratis de inglÃªs;2900;Alto
curso gratis de inglÃªs online;210;Alto
curso gratis ingles;1600;MÃ©dio
curso gratis ingles online;6600;MÃ©dio
curso gratis online ingles;6600;MÃ©dio
curso gratuito de inglÃªs;1900;Alto
curso gratuito de inglÃªs online;110;Alto
curso gratuito inglÃªs;1600;MÃ©dio
curso gratuito inglÃªs online;480;Alto
curso grÃ¡tis inglÃªs;170;Alto
curso grÃ¡tis online de inglÃªs;260;MÃ©dio
curso idioma gratuito;210;MÃ©dio
curso idioma online;70;Alto
curso idiomas;210;MÃ©dio
curso ingles;5400;Alto
curso ingles de graÃ§a;40;MÃ©dio
curso ingles free;20;MÃ©dio
curso ingles grÃ¡tis;210;Alto
curso ingles internet;10;Alto
curso ingles on line;9900;Alto
curso inglÃªs gratis online;70;Alto
curso inglÃªs gratuito;880;Alto
curso inglÃªs gratuito online;70;MÃ©dio
curso inglÃªs online;9900;Alto
curso inglÃªs online gratis;720;Alto
curso inglÃªs online gratuito;880;MÃ©dio
curso inglÃªs online grÃ¡tis;720;Alto
curso linguas gratuito;30;MÃ©dio
curso on line de ingles;9900;Alto
curso online de ingles gratis;1600;MÃ©dio
curso online de inglÃªs;6600;Alto
curso online de inglÃªs gratis;1600;MÃ©dio
curso online de inglÃªs gratuito;480;Alto
curso online de linguas;110;Alto
curso online e gratis de ingles;20;MÃ©dio
curso online frances;590;Alto
curso online gratis de inglÃªs;880;Alto
curso online gratis ingles;480;MÃ©dio
curso online ingles;4400;Alto
curso online ingles gratis;6600;MÃ©dio
curso online inglÃªs;720;Alto
curso online inglÃªs gratis;210;Alto
curso online inglÃªs gratuito;110;Alto
curso online linguas;90;Alto
cursos de ingles online e gratuito;140;MÃ©dio
cursos de ingles online grÃ¡tis;720;Alto
cursos de inglÃªs;49500;Alto
cursos de inglÃªs gratuito;720;Alto
cursos de inglÃªs gratuitos;22200;Alto
cursos de inglÃªs online;2400;Alto
cursos de inglÃªs online e gratuito;140;MÃ©dio
cursos de inglÃªs online gratuito;1900;Alto
cursos de linguas gratuitos online;90;MÃ©dio
cursos de lÃ­nguas gratuitos;320;MÃ©dio
cursos em ingles online;110;Alto
cursos gratuitos idiomas online;140;MÃ©dio
cursos gratuitos online de inglÃªs;880;Alto
cursos inglÃªs gratuitos;3600;MÃ©dio
cursos online gratuitos de inglÃªs;1900;Alto
cursos para aprender inglÃ©s;70;Alto
de inglÃªs;1600;Baixo
escola de idiomas gratuito;10;Baixo
escola de idiomas online;210;Alto
escola de ingles online;720;Alto
escola de ingles online gratis;50;MÃ©dio
escola de inglÃªs online;260;Alto
escola ingles online;170;Alto
escola inglÃªs;1000;MÃ©dio
escola online de ingles;90;Alto
escolas de ingles online;390;Alto
estudar em ingles;5400;Baixo
estudar ingles;4400;MÃ©dio
estudar ingles de graÃ§a;140;MÃ©dio
estudar ingles gratis;260;MÃ©dio
estudar ingles gratis online;70;MÃ©dio
estudar ingles gratuito;10;MÃ©dio
estudar ingles online;1900;Alto
estudar ingles online gratis;390;MÃ©dio
estudar ingles pela internet;30;MÃ©dio
estudar inglÃªs online;1900;Alto
estudar inglÃªs online gratuito;110;MÃ©dio
estudar inglÃªs online grÃ¡tis;390;MÃ©dio
estude ingles gratis;260;MÃ©dio
estudo ingles online;20;Alto
falar ingles;3600;Baixo
falar ingles online;110;Alto
fazer curso de ingles online;20;Alto
fazer ingles online;40;Alto
idiomas gratis online;70;MÃ©dio
idiomas gratuitos;30;Alto
idiomas on line;260;Alto
ingles basico online;110;Alto
ingles curso;5400;Alto
ingles curso online;320;Alto
ingles curso online gratis;70;MÃ©dio
ingles de graÃ§a;590;MÃ©dio
ingles de graÃ§a online;140;Alto
ingles free;170;Baixo
ingles gratis online;6600;MÃ©dio
ingles gratuito;1900;Alto
ingles gratuito online;390;MÃ©dio
ingles grÃ¡tis online;210;Alto
ingles internet;40;MÃ©dio
ingles na internet;50;MÃ©dio
ingles on line;33100;Alto
ingles on line gratuito;6600;MÃ©dio
ingles online curso;4400;Alto
ingles online e gratis;10;MÃ©dio
ingles online e gratuito;140;MÃ©dio
ingles online grÃ¡tis;1000;Alto
ingles para iniciantes;12100;MÃ©dio
ingles pela internet;110;Alto
ingles pela internet gratis;20;Alto
inglÃªs curso;260;Alto
inglÃªs curso gratuito;50;MÃ©dio
inglÃªs gratuito;880;Alto
inglÃªs gratuito online;140;Alto
inglÃªs grÃ¡tis;1900;MÃ©dio
inglÃªs online gratis;880;Alto
inglÃªs online gratuito;1600;Alto
melhor curso de ingles;1300;MÃ©dio
melhor curso de ingles online;9900;Alto
melhor curso de inglÃªs online;9900;Alto
melhor curso ingles online;590;Alto
melhor ingles online;260;Alto
melhor site para aprender ingles;170;MÃ©dio
melhores cursos de ingles;1300;Alto
melhores cursos de ingles online;5400;Alto
melhores cursos ingles online;260;Alto
melhores sites para aprender ingles;390;MÃ©dio
o melhor curso de ingles;90;Alto
o melhor curso de ingles online;170;Alto
plataforma aprender ingles;20;Alto
programas de ingles gratis para aprender;0;Desconhecido
qual melhor curso de ingles online;880;Alto
qual o melhor curso de ingles online;1300;Alto
quero aprender ingles;720;MÃ©dio
roseta idiomas;20;Baixo
site aprender idiomas;20;Baixo
site aprender ingles;140;MÃ©dio
site de idiomas;50;MÃ©dio
site de idiomas gratuito;30;MÃ©dio
site de ingles;480;MÃ©dio
site de ingles gratis;70;MÃ©dio
site de ingles online;90;Alto
site de inglÃªs;480;MÃ©dio
site de inglÃªs gratuito;40;Alto
site de inglÃªs online gratis;20;MÃ©dio
site de linguas;70;Baixo
site em ingles;1000;Baixo
site ingles;480;MÃ©dio
site ingles online;50;Alto
site inglÃªs;480;MÃ©dio
site para aprender ingles;880;MÃ©dio
site para conversar em ingles;880;MÃ©dio
sites aprender ingles;140;MÃ©dio
sites para aprender idiomas;170;Baixo
sites para aprender ingles online gratuito;70;MÃ©dio
sites para conversar em ingles;880;MÃ©dio
sites para estudar ingles;260;MÃ©dio
stone ingles;50;Baixo
